date,open,high,low,close,vol
2020-01-01,132.06,133.0,128.7,129.56,258007.076843
2020-01-02,129.55,133.91,126.0,132.5,445841.189766
2020-01-03,132.51,135.16,131.93,133.35,261120.553737
2020-01-04,133.28,138.05,132.82,137.24,230507.711529
2020-01-05,137.23,143.08,134.25,140.22,335739.19646
2020-01-06,140.22,145.34,139.11,139.57,287445.238044
2020-01-07,139.57,148.0,138.83,141.43,454737.392562
2020-01-08,141.44,141.91,137.12,138.17,323896.799964
2020-01-09,138.17,143.0,135.33,142.53,316584.135292
2020-01-10,142.52,145.36,140.66,143.44,356643.662377
2020-01-11,143.43,148.09,142.0,144.96,316320.099942
2020-01-12,144.96,147.03,142.0,142.76,206284.177531
2020-01-13,142.76,157.82,142.53,155.9,537873.09373
2020-01-14,155.9,171.91,153.06,162.42,1163699.629004
2020-01-15,162.41,167.39,158.56,162.5,487621.494193
2020-01-16,162.51,174.7,160.63,168.3,594789.795685
2020-01-17,168.3,179.74,165.0,175.49,681468.705759
2020-01-18,175.5,178.06,161.7,164.76,576454.770754
2020-01-19,164.72,167.59,161.36,166.88,273805.452035
2020-01-20,166.85,169.32,165.59,168.1,178401.353454
2020-01-21,168.1,171.82,160.8,167.45,290833.907284
2020-01-22,167.43,169.0,161.11,163.23,311092.613488
2020-01-23,163.25,163.49,155.57,162.63,376161.35233
2020-01-24,162.62,164.47,157.71,160.44,204157.305107
2020-01-25,160.44,164.17,159.38,163.32,170883.528729
2020-01-26,163.33,170.88,163.18,169.98,338280.296557
2020-01-27,169.99,174.54,169.08,172.22,362031.242363
2020-01-28,172.31,178.47,170.21,175.14,321485.025756
2020-01-29,175.11,177.69,170.91,177.67,286928.499812
2020-01-30,177.68,187.03,175.0,180.0,453265.067941
2020-01-31,180.0,184.26,177.58,181.49,246233.639688
2020-02-01,181.53,193.47,179.04,192.52,373422.858796
2020-02-02,192.52,195.24,187.25,187.52,337801.455478
2020-02-03,187.55,191.74,184.67,188.45,283268.500332
2020-02-04,188.46,199.22,186.9,198.75,299287.541152
2020-02-05,198.83,216.33,198.24,212.38,515472.131284
2020-02-06,212.51,224.76,210.89,221.58,440529.717223
2020-02-07,221.6,227.71,213.36,225.06,434202.455101
2020-02-08,225.13,230.64,221.84,226.86,287670.856064
2020-02-09,226.86,229.49,216.52,223.31,351419.336061
2020-02-10,223.36,230.5,218.09,228.79,275722.016324
2020-02-11,228.79,258.08,227.62,254.29,464372.996071
2020-02-12,254.29,277.79,253.41,270.55,940197.250884
2020-02-13,270.6,275.0,260.39,273.1,453148.469667
2020-02-14,272.95,288.32,268.1,273.91,442012.320221
2020-02-15,274.01,279.49,256.13,258.89,640775.721649
2020-02-16,258.89,263.19,237.36,256.54,972293.297422
2020-02-17,256.57,275.15,254.5,273.68,633148.839876
2020-02-18,273.69,285.9,272.92,279.51,643983.117006
2020-02-19,279.51,285.8,246.82,254.9,962039.597423
2020-02-20,254.96,266.29,245.0,265.06,587047.653171
2020-02-21,265.1,268.18,256.12,261.01,338960.64412
2020-02-22,261.01,274.93,258.52,270.02,286900.107128
2020-02-23,270.04,277.16,263.73,267.58,364225.033887
2020-02-24,267.57,270.61,250.0,252.19,510678.652503
2020-02-25,252.19,255.0,225.77,226.4,819354.762415
2020-02-26,226.36,233.14,210.0,231.02,1056851.679492
2020-02-27,231.02,238.31,214.0,227.32,962761.710553
2020-02-28,227.33,232.98,219.96,223.84,625191.38508
2020-02-29,223.83,227.96,216.14,220.36,564880.800846
2020-03-01,220.37,229.81,212.42,228.38,728207.05085
2020-03-02,228.39,234.37,222.25,224.5,608525.801651
2020-03-03,224.49,228.85,220.0,221.74,544972.729632
2020-03-04,221.73,234.0,220.21,231.42,449203.066006
2020-03-05,231.41,241.47,226.43,234.57,604234.983698
2020-03-06,234.57,247.12,234.57,246.74,391597.492383
2020-03-07,246.75,251.84,211.03,216.7,773689.180917
2020-03-08,216.7,217.87,190.0,194.53,1288339.612226
2020-03-09,194.52,206.0,191.27,196.67,726760.383812
2020-03-10,196.72,203.96,190.35,191.94,592986.836727
2020-03-11,191.9,195.62,120.0,141.11,2482258.942841
2020-03-12,141.17,145.17,87.08,123.72,3403353.271122
2020-03-13,123.66,135.0,114.89,126.62,1200624.324802
2020-03-14,126.61,130.47,120.84,123.98,638972.467943
2020-03-15,124.04,133.24,101.2,114.68,1540761.935319
2020-03-16,114.67,121.0,107.02,117.45,1089789.851476
2020-03-17,117.47,119.67,110.0,115.77,623353.279863
2020-03-18,115.79,129.12,112.79,128.05,755469.255795
2020-03-19,128.05,152.54,126.17,142.72,1223768.934862
2020-03-20,142.72,144.8,117.0,132.93,943502.473301
2020-03-21,132.92,137.41,124.62,127.96,607547.069309
2020-03-22,127.94,137.53,119.65,129.39,840165.902509
2020-03-23,129.44,145.0,129.07,135.99,863778.296903
2020-03-24,136.0,142.32,132.5,135.46,702522.680864
2020-03-25,135.48,138.58,132.99,134.58,399021.771876
2020-03-26,134.59,141.29,133.6,136.05,354476.200756
2020-03-27,136.04,137.53,124.88,128.07,403878.090309
2020-03-28,128.05,132.93,125.18,129.01,214464.103087
2020-03-29,129.02,134.89,123.88,132.17,351503.478367
2020-03-30,132.18,135.15,130.37,132.72,289993.446938
2020-03-31,132.76,135.02,130.39,131.07,220542.86793
2020-04-01,131.04,139.88,128.65,139.31,421075.309657
2020-04-02,139.33,150.0,138.0,141.38,765190.578355
2020-04-03,141.37,144.08,137.8,142.35,253888.676083
2020-04-04,142.33,146.32,140.98,143.65,233110.325653
2020-04-05,143.63,161.45,140.68,161.37,682226.571834
2020-04-06,161.38,176.19,160.17,169.08,806619.020885
2020-04-07,169.09,174.44,162.23,169.13,607348.863609
2020-04-08,169.11,173.6,165.15,170.0,405361.74946
2020-04-09,170.01,170.9,152.17,153.05,724736.859303
2020-04-10,153.04,161.23,152.1,157.35,352034.366049
2020-04-11,157.34,161.99,153.93,161.9,406249.87513
2020-04-12,161.93,164.81,149.63,154.05,851979.622871
2020-04-13,154.02,161.23,152.93,159.77,496606.57008
2020-04-14,159.84,161.85,155.13,155.77,460693.280834
2020-04-15,155.82,174.8,148.19,172.51,1196924.237206
2020-04-16,172.52,174.8,168.3,169.83,592266.277806
2020-04-17,169.82,184.77,169.15,184.51,628562.381693
2020-04-18,184.51,189.43,176.1,178.78,692604.04842
2020-04-19,178.77,186.43,172.94,179.36,662431.22779
2020-04-20,179.37,180.1,165.0,170.27,775404.610457
2020-04-21,170.3,183.0,169.82,182.68,620091.128301
2020-04-22,182.67,194.0,178.12,189.28,844943.181048
2020-04-23,189.28,190.8,183.0,187.51,544704.949998
2020-04-24,187.5,198.3,185.76,193.39,551217.829833
2020-04-25,193.39,200.0,191.5,193.92,471132.568888
2020-04-26,193.92,199.13,189.47,192.76,591943.46622
2020-04-27,192.73,197.51,191.17,195.51,406334.311782
2020-04-28,195.55,210.97,195.0,209.79,699681.900682
2020-04-29,209.78,227.23,201.4,208.07,1338859.721718
2020-04-30,208.06,217.11,202.02,209.8,805900.013623
2020-05-01,209.84,214.09,208.2,212.96,443372.104593
2020-05-02,212.92,219.2,204.7,208.16,645215.492763
2020-05-03,208.14,211.42,194.89,206.02,645970.123276
2020-05-04,206.03,211.72,201.16,203.7,523898.9294
2020-05-05,203.69,210.76,202.1,208.23,453644.684571
2020-05-06,208.25,208.94,196.72,206.01,660176.90221
2020-05-07,206.01,216.56,204.34,211.37,780187.056725
2020-05-08,211.37,215.0,208.35,212.97,505405.753507
2020-05-09,212.95,214.23,180.3,188.31,926373.734896
2020-05-10,188.33,193.44,180.38,188.24,776061.40239
2020-05-11,188.28,192.27,176.0,190.87,574413.590841
2020-05-12,190.88,198.5,186.77,198.2,348387.656711
2020-05-13,198.19,206.01,195.41,202.49,561770.642579
2020-05-14,202.47,205.22,196.25,197.9,502852.060889
2020-05-15,197.9,203.38,191.5,200.71,469410.04531
2020-05-16,200.73,209.87,197.79,208.79,416030.547432
2020-05-17,208.79,217.1,206.13,211.29,534655.648181
2020-05-18,211.29,215.97,209.01,212.39,365868.190024
2020-05-19,212.39,215.67,206.1,208.0,360088.668406
2020-05-20,208.02,211.67,196.54,199.22,459245.687755
2020-05-21,199.21,205.5,191.6,205.2,440700.688417
2020-05-22,205.22,211.2,204.5,207.73,272112.746801
2020-05-23,207.73,210.58,203.63,205.49,243527.899013
2020-05-24,205.48,207.82,198.0,202.69,355547.93726
2020-05-25,202.71,205.69,197.03,197.69,249585.346879
2020-05-26,197.67,207.73,196.7,206.05,323321.753363
2020-05-27,206.05,214.64,204.66,214.28,294704.979209
2020-05-28,214.31,224.88,213.54,219.48,586574.48567
2020-05-29,219.49,238.89,218.79,235.65,530979.663211
2020-05-30,235.6,247.25,231.82,233.61,522265.502313
2020-05-31,233.63,242.62,229.72,238.16,524403.485101
2020-06-01,238.19,253.84,224.3,233.58,910992.1192
2020-06-02,233.55,240.65,232.17,239.29,365502.495314
2020-06-03,239.29,246.64,236.2,245.05,473638.357139
2020-06-04,245.06,247.93,239.0,241.8,710128.152793
2020-06-05,241.77,244.79,238.0,242.32,341565.523275
2020-06-06,242.32,244.17,235.0,237.36,501671.426119
2020-06-07,237.35,245.4,235.22,243.0,402435.146963
2020-06-08,243.0,249.9,238.0,243.35,371246.171762
2020-06-09,243.34,245.15,240.59,243.48,268434.001472
2020-06-10,243.48,251.69,237.74,238.89,912393.6483
2020-06-11,238.89,239.86,226.0,236.28,753867.880627
2020-06-12,236.29,238.53,234.04,237.09,248547.411151
2020-06-13,237.06,238.7,232.82,235.39,200265.059336
2020-06-14,235.39,235.61,218.3,226.33,439376.836202
2020-06-15,226.4,235.96,225.68,233.0,356950.515534
2020-06-16,232.99,237.31,231.0,231.57,242886.752935
2020-06-17,231.57,234.74,227.7,231.21,217262.203105
2020-06-18,231.25,232.69,226.66,230.83,252636.239802
2020-06-19,230.83,231.11,225.1,226.66,209838.182246
2020-06-20,226.63,231.5,226.16,230.63,142865.646653
2020-06-21,230.63,242.0,227.21,241.47,307161.973751
2020-06-22,241.48,246.83,240.8,244.38,386679.786972
2020-06-23,244.38,249.3,231.01,232.09,515840.02488
2020-06-24,232.07,235.73,227.35,233.71,357411.362039
2020-06-25,233.72,234.86,227.56,230.07,276219.483908
2020-06-26,230.07,231.58,226.29,227.5,183789.090756
2020-06-27,227.5,228.02,215.22,226.14,352128.280964
2020-06-28,226.14,227.93,221.24,223.97,224474.480479
2020-06-29,223.95,229.97,222.88,226.32,249426.406535
2020-06-30,226.34,229.44,224.15,229.42,186437.595132
2020-07-01,229.42,232.7,225.0,225.14,336950.916828
2020-07-02,225.14,228.4,222.82,226.92,274318.715744
2020-07-03,226.93,227.4,224.18,225.9,150397.317142
2020-07-04,225.88,230.74,223.02,224.99,210192.329177
2020-07-05,224.99,238.9,223.36,238.8,358809.902261
2020-07-06,238.8,243.81,234.57,238.86,422852.521155
2020-07-07,238.87,247.72,236.5,245.75,364744.51707
2020-07-08,245.76,248.79,237.95,239.92,339002.40363
2020-07-09,239.91,242.18,235.8,240.57,227442.153939
2020-07-10,240.57,241.69,237.55,239.56,119157.731953
2020-07-11,239.56,244.0,236.0,237.68,208595.48858
2020-07-12,237.68,245.33,236.92,242.73,244828.167095
2020-07-13,242.75,243.7,236.65,240.21,232660.240023
2020-07-14,240.22,242.13,238.04,238.14,166183.283652
2020-07-15,238.13,239.48,230.0,233.17,319457.686427
2020-07-16,233.17,234.8,231.74,233.16,161825.959056
2020-07-17,233.16,235.57,232.34,235.0,102057.322244
2020-07-18,234.99,236.9,233.26,233.68,108490.756798
2020-07-19,233.68,239.82,233.54,237.88,172070.076139
2020-07-20,237.89,245.1,233.99,243.45,252884.730845
2020-07-21,243.57,246.64,241.63,244.51,168187.709489
2020-07-22,244.51,269.8,243.44,268.32,662941.323232
2020-07-23,268.25,280.0,267.49,278.18,633693.978804
2020-07-24,278.18,288.0,274.78,286.16,516745.329535
2020-07-25,286.12,319.93,283.48,310.76,979327.368664
2020-07-26,310.79,329.25,303.96,313.19,937658.92323
2020-07-27,313.21,333.0,306.0,321.73,963766.979179
2020-07-28,321.77,325.12,312.35,321.56,561378.173202
2020-07-29,321.52,323.52,314.04,319.12,354860.257335
2020-07-30,319.14,347.75,317.91,344.41,705778.970127
2020-07-31,344.43,360.47,340.28,357.81,525907.914642
2020-08-01,357.8,415.8,327.8,368.14,1459267.833616
2020-08-02,368.12,397.84,366.5,393.74,722289.309217
2020-08-03,393.74,403.0,380.01,390.26,664081.334767
2020-08-04,390.26,401.19,384.0,395.19,393168.842162
2020-08-05,395.19,406.92,390.0,399.2,413068.260399
2020-08-06,399.21,399.98,377.67,385.46,452813.87343
2020-08-07,385.45,393.3,362.88,390.4,494508.426419
2020-08-08,390.5,400.0,383.13,386.67,349526.484146
2020-08-09,386.69,399.0,384.5,396.78,367356.542644
2020-08-10,396.74,398.21,377.57,382.3,381492.304098
2020-08-11,382.28,386.93,365.92,385.01,475089.901177
2020-08-12,385.09,397.68,380.01,392.63,379236.804656
2020-08-13,392.64,437.28,387.71,436.52,510790.259723
2020-08-14,436.46,444.54,426.86,435.66,364023.254799
2020-08-15,435.71,439.17,412.5,430.36,293981.619519
2020-08-16,430.39,440.77,420.46,440.71,354946.21641
2020-08-17,440.71,446.25,414.0,420.0,396133.611335
2020-08-18,420.01,429.17,401.82,409.62,343951.042146
2020-08-19,409.63,415.9,393.46,415.22,321271.621276
2020-08-20,415.21,418.9,399.59,404.27,247399.492345
2020-08-21,404.21,406.65,380.0,390.16,307795.010746
2020-08-22,390.19,396.99,383.17,392.68,183540.399604
2020-08-23,392.58,408.5,387.53,403.01,203082.067948
2020-08-24,403.04,410.3,380.29,385.56,307070.226633
2020-08-25,385.55,390.25,370.0,389.97,401644.279359
2020-08-26,389.98,397.0,380.54,383.73,267517.569144
2020-08-27,383.74,396.96,371.5,396.23,281368.124617
2020-08-28,396.23,403.99,390.81,402.46,194936.581943
2020-08-29,402.48,418.56,398.25,416.88,215994.308148
2020-08-30,416.85,439.0,415.14,434.16,422165.422058
2020-08-31,434.21,486.0,429.31,482.13,558821.965075
2020-09-01,482.12,488.73,415.39,432.53,799312.092905
2020-09-02,432.47,450.78,391.35,403.47,820385.986229
2020-09-03,403.54,407.72,356.0,384.14,875390.960586
2020-09-04,384.2,394.68,335.0,357.22,897005.86494
2020-09-05,357.26,359.49,307.35,344.35,1180613.313855
2020-09-06,344.35,359.97,323.28,346.22,567917.583165
2020-09-07,346.11,356.59,331.19,341.34,373218.925693
2020-09-08,341.42,354.79,325.36,352.51,334594.237288
2020-09-09,352.51,377.36,348.6,370.87,390337.031342
2020-09-10,370.85,373.0,355.78,369.89,269984.875693
2020-09-11,369.88,375.21,364.7,373.18,199248.367204
2020-09-12,373.21,390.17,359.76,360.71,366561.648649
2020-09-13,360.82,383.98,353.55,383.0,341926.625377
2020-09-14,383.02,384.37,362.9,365.94,399003.831551
2020-09-15,365.95,371.0,355.13,370.47,333036.517695
2020-09-16,370.48,385.0,363.35,380.32,427239.583217
2020-09-17,380.32,394.0,379.0,382.06,314629.030312
2020-09-18,382.06,388.61,375.71,384.73,211791.877138
2020-09-19,384.66,386.66,370.67,370.77,177094.947521
2020-09-20,370.72,376.9,331.07,340.21,498850.512216
2020-09-21,340.16,349.46,335.56,341.27,325437.67997
2020-09-22,341.24,346.88,333.1,338.54,244694.571218
2020-09-23,338.56,345.0,313.28,344.5,430349.302365
2020-09-24,344.41,353.15,337.46,347.17,352001.941647
2020-09-25,347.18,357.83,345.06,352.4,228990.299083
2020-09-26,352.4,362.19,347.21,355.46,234846.699473
2020-09-27,355.57,367.0,351.52,364.91,242781.890676
2020-09-28,364.91,368.09,350.51,355.21,209100.494318
2020-09-29,355.23,361.3,351.28,357.34,157209.428255
2020-09-30,357.35,369.9,354.62,361.2,191512.204466
2020-10-01,361.1,361.1,334.22,343.2,363884.863102
2020-10-02,343.08,349.92,341.44,347.31,137779.853534
2020-10-03,347.31,350.96,343.96,346.74,105780.674746
2020-10-04,346.71,356.26,346.45,352.88,149176.00542
2020-10-05,352.88,355.0,341.0,351.34,147260.3629
2020-10-06,351.36,352.16,333.08,340.7,207609.126162
2020-10-07,340.68,351.01,334.18,349.18,187114.329372
2020-10-08,349.22,365.67,347.2,365.09,187821.447522
2020-10-09,365.17,378.4,362.04,372.79,194353.649298
2020-10-10,372.75,377.76,369.0,375.01,123789.941638
2020-10-11,375.13,387.0,364.0,385.54,238651.447595
2020-10-12,385.56,394.81,374.52,379.13,245066.173148
2020-10-13,379.11,387.42,375.0,375.77,168698.937175
2020-10-14,375.81,381.03,369.86,376.65,251663.321025
2020-10-15,376.7,381.54,359.72,366.86,316121.374606
2020-10-16,366.91,370.5,363.08,367.73,114543.197649
2020-10-17,367.74,378.0,365.3,375.54,90963.506521
2020-10-18,375.52,384.18,372.5,383.58,116739.817416
2020-10-19,383.59,384.32,364.22,370.88,174979.471118
2020-10-20,370.75,392.1,366.34,391.93,231699.540398
2020-10-21,391.92,417.0,390.0,414.45,262132.890126
2020-10-22,414.53,420.0,408.2,410.34,151801.138245
2020-10-23,410.34,416.27,400.44,413.52,103690.760606
2020-10-24,413.62,417.0,403.51,404.99,94823.036662
2020-10-25,404.94,410.61,390.52,392.4,106966.12611
2020-10-26,392.38,406.12,382.0,404.79,156511.819196
2020-10-27,404.78,409.71,380.0,387.03,196865.683942
2020-10-28,386.8,392.23,380.21,390.0,121612.601862
2020-10-29,390.0,393.06,373.0,381.8,139380.621784
2020-10-30,381.77,393.2,379.03,387.44,124574.243732
2020-10-31,387.32,389.0,382.02,386.36,78469.161371
2020-11-01,386.4,402.05,374.11,383.01,159776.405492
2020-11-02,382.86,385.99,367.17,378.89,163176.185209
2020-11-03,378.88,387.69,374.3,381.15,92396.607022
2020-11-04,381.21,412.83,380.57,412.7,248594.586247
2020-11-05,412.7,445.96,405.61,435.61,270605.604045
2020-11-06,435.53,467.97,435.3,447.96,200198.787611
2020-11-07,447.97,459.0,425.0,455.26,200011.202188
2020-11-08,455.3,461.25,436.23,437.62,146308.301402
2020-11-09,437.59,455.74,434.46,442.7,133372.464478
2020-11-10,442.69,467.0,441.28,461.76,152224.773592
2020-11-11,461.83,475.0,446.92,459.01,165004.991978
2020-11-12,459.01,473.21,449.29,468.08,133700.17645
2020-11-13,468.08,475.0,450.0,454.33,140185.57927
2020-11-14,454.28,459.61,447.25,451.86,79300.00054
2020-11-15,451.88,457.0,436.1,455.53,126585.757315
2020-11-16,455.63,471.0,453.6,470.67,125662.551709
2020-11-17,470.51,492.5,453.17,469.93,275555.022002
2020-11-18,469.93,478.0,461.33,474.68,126129.908342
2020-11-19,474.6,511.67,467.1,504.39,219945.04106
2020-11-20,504.54,538.24,501.0,535.9,222755.048288
2020-11-21,535.77,560.4,510.0,532.81,193235.048928
2020-11-22,532.82,605.8,531.03,589.71,316498.52018
2020-11-23,589.78,622.1,580.12,605.0,246803.246151
2020-11-24,605.1,612.0,577.0,591.67,162291.577812
2020-11-25,591.8,595.22,482.55,508.1,539230.402801
2020-11-26,508.19,530.39,481.51,496.31,301349.192868
2020-11-27,496.45,533.62,493.92,533.35,144084.983298
2020-11-28,533.39,558.56,530.23,554.36,170964.69048
2020-11-29,554.32,613.13,549.0,596.66,282518.164201
2020-11-30,596.8,636.0,560.56,604.15,414541.248893
2020-12-01,604.06,608.89,574.88,589.2,207479.50767
2020-12-02,589.41,619.42,583.43,618.88,157545.539222
2020-12-03,618.93,623.83,581.0,587.02,176313.090172
2020-12-04,587.01,597.0,561.0,592.33,150123.402662
2020-12-05,592.26,607.52,582.56,594.65,113630.610873
2020-12-06,594.79,603.76,590.0,594.42,108041.941384
2020-12-07,594.55,595.58,568.78,574.22,129712.67884
2020-12-08,574.08,577.74,530.12,567.8,237036.790393
2020-12-09,567.92,578.0,548.41,557.92,125768.871014
2020-12-10,557.84,568.61,535.22,554.15,146956.673174
2020-12-11,554.3,560.87,543.07,554.42,82819.660669
2020-12-12,554.36,589.96,551.77,585.15,96005.941422
2020-12-13,585.15,595.32,575.71,584.31,87779.561044
2020-12-14,584.02,597.47,580.0,585.96,81452.379059
2020-12-15,585.86,625.0,581.0,620.86,149237.629052
2020-12-16,620.87,671.63,616.56,665.4,289422.854206
2020-12-17,665.39,676.56,626.54,637.9,250723.82839
2020-12-18,637.94,660.64,634.29,655.47,125037.510598
2020-12-19,655.53,670.36,640.98,654.3,145308.668582
2020-12-20,654.48,658.0,595.05,614.25,205030.436094
2020-12-21,614.17,634.15,588.01,626.46,147839.764577
2020-12-22,626.43,638.79,592.3,605.61,197191.157308
2020-12-23,605.72,613.43,547.25,592.7,236276.224444
2020-12-24,592.71,634.47,585.65,613.52,153907.801163
2020-12-25,613.58,637.69,607.84,628.59,160509.144417
2020-12-26,628.47,700.0,626.0,698.81,358580.080584
2020-12-27,698.81,741.0,660.16,729.09,349300.97994
2020-12-28,729.37,748.08,689.0,719.3,207502.647476
2020-12-29,719.43,747.59,705.0,734.35,138214.345814
2020-12-30,734.38,758.6,721.19,736.04,147431.443668
2020-12-31,736.04,749.25,725.14,735.42,104537.431704
2021-01-01,735.59,772.85,714.58,768.69,112073.40723
2021-01-02,768.92,921.99,754.0,918.0,195848.562716
2021-01-03,918.14,1167.99,885.0,1040.7,648112.351849
2021-01-04,1039.87,1134.49,975.17,1052.5,371135.957717
2021-01-05,1052.88,1166.75,1037.06,1143.41,335969.506346
2021-01-06,1144.09,1250.0,1117.18,1249.73,312330.31515
2021-01-07,1249.89,1288.8,1065.6,1216.79,504183.466765
2021-01-08,1216.61,1242.92,1135.0,1220.05,293478.047336
2021-01-09,1220.16,1349.03,1192.61,1303.17,291610.03877
2021-01-10,1303.16,1325.28,950.6,976.26,695689.945871
2021-01-11,976.33,1150.0,915.0,1053.96,506843.034667
2021-01-12,1053.33,1126.53,986.59,1071.31,305757.366634
2021-01-13,1071.54,1220.72,1061.07,1213.13,255638.449368
2021-01-14,1213.18,1256.37,1127.52,1141.96,374400.161746
2021-01-15,1141.71,1279.82,1070.0,1278.05,342834.711893
2021-01-16,1278.05,1293.39,1164.0,1241.41,277952.059523
2021-01-17,1241.61,1269.15,1182.21,1240.23,208742.308019
2021-01-18,1240.34,1438.0,1209.99,1414.26,335895.85109
2021-01-19,1414.39,1437.72,1235.33,1273.44,394529.860195
2021-01-20,1273.2,1389.92,1186.0,1188.19,385581.509415
2021-01-21,1188.2,1241.73,1042.01,1233.27,454602.730823
2021-01-22,1233.37,1273.63,1196.0,1230.45,254800.08
2021-01-23,1230.84,1349.71,1220.02,1319.99,231047.474786
2021-01-24,1320.1,1475.41,1304.74,1435.1,292737.670953
2021-01-25,1435.02,1442.67,1243.59,1280.31,364788.258159
2021-01-26,1280.17,1374.07,1206.01,1279.55,374638.598819
2021-01-27,1279.61,1359.09,1217.0,1350.0,273788.018229
2021-01-28,1350.0,1437.75,1285.6,1396.8,310567.180064
2021-01-29,1397.12,1409.99,1313.16,1371.42,223426.458185
2021-01-30,1371.16,1390.97,1291.0,1310.56,138282.072923
2021-01-31,1310.84,1346.1,1269.71,1301.64,177610.833241
2021-02-01,1301.64,1464.25,1299.7,1427.9,171595.563524
2021-02-02,1427.76,1599.0,1422.26,1596.54,207935.255493
2021-02-03,1597.2,1695.0,1555.69,1580.4,211841.437837
2021-02-04,1580.4,1748.0,1565.43,1741.76,197316.020598
2021-02-05,1742.31,1762.0,1644.01,1673.48,151897.027212
2021-02-06,1673.53,1718.2,1525.0,1537.46,175009.734689
2021-02-07,1538.14,1756.97,1491.09,1734.01,215592.59007
2021-02-08,1734.94,1820.84,1686.78,1749.99,179597.254579
2021-02-09,1749.14,1839.67,1678.14,1713.07,160430.22496
2021-02-10,1713.53,1818.19,1690.37,1797.68,94146.062567
2021-02-11,1797.25,1810.62,1740.54,1788.94,132236.452302
2021-02-12,1789.19,1871.29,1764.91,1816.29,125644.253987
2021-02-13,1815.9,1850.0,1782.58,1799.52,91009.034025
2021-02-14,1798.68,1832.0,1655.0,1809.84,165893.793365
2021-02-15,1810.0,1835.81,1745.1,1772.94,127305.053942
2021-02-16,1773.42,1842.0,1723.9,1811.33,130886.810484
2021-02-17,1811.47,1928.8,1799.29,1907.99,115530.404806
2021-02-18,1907.97,1951.48,1890.67,1929.78,99849.065772
2021-02-19,1929.92,2041.0,1923.1,1978.04,137931.423387
2021-02-20,1978.57,2022.0,1795.56,1960.41,127954.273349
2021-02-21,1960.27,1975.0,1550.0,1732.48,234154.170717
2021-02-22,1732.24,1803.0,1355.1,1574.4,462283.73145
2021-02-23,1574.53,1712.25,1434.38,1659.61,249249.995536
2021-02-24,1660.34,1676.68,1554.41,1627.18,146702.7481
2021-02-25,1627.62,1636.51,1399.6,1532.33,254319.510123
2021-02-26,1532.67,1561.92,1410.61,1453.64,142907.137861
2021-02-27,1453.54,1522.79,1292.9,1318.5,239262.47809
2021-02-28,1318.3,1555.0,1301.49,1551.55,180106.544473
2021-03-01,1551.4,1603.3,1502.55,1553.75,143743.405434
2021-03-02,1553.28,1656.52,1455.78,1600.03,182354.250905
2021-03-03,1600.65,1634.54,1526.6,1576.27,147391.511034
2021-03-04,1576.25,1599.76,1441.66,1480.92,166851.939233
2021-03-05,1480.75,1597.74,1448.67,1544.02,135396.473643
2021-03-06,1544.11,1695.78,1541.11,1651.53,143622.563051
2021-03-07,1651.53,1754.68,1633.68,1741.73,174966.415681
2021-03-08,1742.5,1859.27,1722.51,1832.42,136550.516733
2021-03-09,1832.31,1877.45,1757.86,1831.46,125587.227995
2021-03-10,1831.47,1869.44,1724.67,1794.86,142599.337663
2021-03-11,1795.85,1845.76,1720.41,1775.58,112144.041386
2021-03-12,1775.55,1899.6,1724.3,1876.0,115925.352969
2021-03-13,1876.0,1945.4,1846.02,1857.88,77418.793511
2021-03-14,1857.91,1893.59,1733.0,1765.69,159838.520282
2021-03-15,1765.45,1820.02,1711.64,1803.9,114314.824327
2021-03-16,1803.93,1813.0,1741.0,1772.41,76379.734309
2021-03-17,1772.44,1851.0,1767.02,1821.68,76279.869687
2021-03-18,1821.88,1832.09,1732.42,1822.0,78649.584511
2021-03-19,1822.0,1869.62,1800.51,1855.7,57145.577579
2021-03-20,1855.69,1859.34,1745.0,1789.04,91724.791353
2021-03-21,1789.04,1808.97,1752.87,1778.4,53711.237328
2021-03-22,1778.51,1783.2,1650.96,1701.92,108152.977804
2021-03-23,1702.59,1740.63,1648.67,1721.27,76333.163418
2021-03-24,1721.6,1725.74,1542.85,1594.94,158947.845382
2021-03-25,1594.79,1650.76,1570.59,1641.04,77117.210005
2021-03-26,1641.31,1718.66,1634.29,1682.45,57885.248572
2021-03-27,1682.85,1732.76,1682.66,1709.38,42520.728848
2021-03-28,1709.37,1789.97,1661.85,1788.51,71961.833148
2021-03-29,1788.8,1849.65,1777.2,1830.82,82952.209208
2021-03-30,1830.82,1862.2,1770.65,1849.11,85562.289955
2021-03-31,1849.09,1968.0,1838.2,1944.57,109637.216512
2021-04-01,1944.57,2081.67,1885.09,2074.55,113620.575553
2021-04-02,2074.03,2145.16,2031.24,2070.32,87175.545286
2021-04-03,2070.59,2094.96,1978.16,2077.08,99701.573009
2021-04-04,2077.08,2125.73,2002.01,2113.05,81934.462851
2021-04-05,2112.88,2152.14,2045.0,2084.73,98139.401568
2021-04-06,2084.74,2129.17,1930.0,1977.0,130816.879262
2021-04-07,1976.75,2059.84,1938.78,2059.62,97935.550867
2021-04-08,2059.66,2102.01,2043.59,2061.92,76696.150037
2021-04-09,2062.27,2199.0,2050.0,2156.51,90919.084575
2021-04-10,2156.52,2167.6,2083.91,2148.67,62198.749174
2021-04-11,2148.67,2200.0,2106.12,2121.75,90093.972677
2021-04-12,2122.19,2277.44,2102.03,2275.94,110098.442297
2021-04-13,2275.83,2401.36,2255.0,2349.45,144577.518812
2021-04-14,2349.44,2487.21,2302.7,2461.5,125480.995072
2021-04-15,2461.21,2546.13,2298.32,2427.52,167073.428601
2021-04-16,2427.53,2495.02,2328.19,2342.33,106056.613777
2021-04-17,2342.17,2393.67,1885.0,2144.06,352428.786894
2021-04-18,2144.08,2277.59,2078.89,2095.18,168933.442254
2021-04-19,2095.06,2229.72,2050.56,2186.3,216031.920986
2021-04-20,2186.3,2450.0,2172.76,2442.81,208966.059055
2021-04-21,2442.91,2612.25,2314.34,2611.1,285098.540634
2021-04-22,2611.06,2644.0,2107.91,2333.36,582250.933669
2021-04-23,2332.69,2376.99,2155.5,2250.96,200450.849
2021-04-24,2251.0,2355.56,2163.0,2341.86,172493.599935
2021-04-25,2341.64,2525.0,2168.1,2508.48,204860.148085
2021-04-26,2508.59,2672.41,2429.53,2663.63,149434.899189
2021-04-27,2663.63,2734.5,2560.61,2681.14,147359.833394
2021-04-28,2680.91,2797.75,2665.0,2778.06,148046.516611
2021-04-29,2778.0,2799.0,2681.65,2736.0,116071.191826
2021-04-30,2736.8,2880.81,2732.2,2866.0,89246.546047
2021-05-01,2865.99,2954.2,2852.55,2929.0,89770.504158
2021-05-02,2929.47,3202.0,2919.22,3162.97,131912.15581
2021-05-03,3162.32,3527.74,3149.0,3228.3,284398.904266
2021-05-04,3228.46,3427.01,3160.0,3305.2,217244.705558
2021-05-05,3305.54,3577.77,3280.53,3549.28,131845.516226
2021-05-06,3549.67,3605.6,3352.03,3560.7,143836.886577
2021-05-07,3560.86,3681.21,3420.0,3630.14,105527.865788
2021-05-08,3630.33,3983.0,3628.79,3877.28,161430.803107
2021-05-09,3877.28,4169.98,3843.0,4156.29,151921.167076
2021-05-10,4156.24,4206.65,3648.0,4020.99,217088.392397
2021-05-11,4021.0,4371.96,3988.11,4189.16,130244.77101
2021-05-12,4189.42,4239.76,3500.0,3748.62,370155.318708
2021-05-13,3747.89,4160.69,3543.8,4130.33,226860.774393
2021-05-14,4130.0,4169.57,3797.1,3874.81,172953.444776
2021-05-15,3876.21,3880.0,3615.62,3631.41,155668.286629
2021-05-16,3630.97,3666.0,3120.0,3284.21,342736.630096
2021-05-17,3284.94,3561.98,3122.5,3344.67,244043.342757
2021-05-18,3344.94,3464.18,1764.5,2738.11,751931.446444
2021-05-19,2738.43,2989.6,2166.0,2902.91,758240.476531
2021-05-20,2903.41,2937.99,2375.0,2419.3,374471.313329
2021-05-21,2418.14,2518.0,2101.1,2366.74,463353.820205
2021-05-22,2367.27,2396.44,1865.27,1925.07,398086.936245
2021-05-23,1925.51,2529.39,1728.58,2508.74,463252.280211
2021-05-24,2509.35,2750.13,2380.0,2610.13,287052.424245
2021-05-25,2610.12,2909.68,2485.01,2745.13,196923.597831
2021-05-26,2744.8,2889.18,2633.0,2803.95,180675.072153
2021-05-27,2803.92,2814.75,2418.44,2558.63,216956.907645
2021-05-28,2559.14,2574.23,2285.7,2329.19,191242.725368
2021-05-29,2329.66,2476.1,2180.0,2382.08,189025.610639
2021-05-30,2381.49,2643.0,2272.68,2637.83,166579.963164
2021-05-31,2637.84,2740.9,2523.73,2567.74,179338.170376
2021-06-01,2568.04,2798.61,2527.21,2790.11,141047.567412
2021-06-02,2790.0,2891.0,2663.0,2788.52,145537.241365
2021-06-03,2788.24,2873.36,2550.0,2657.43,153357.60837
2021-06-04,2657.42,2817.17,2583.0,2655.31,175857.872471
2021-06-05,2655.36,2744.69,2555.0,2721.01,127677.599858
2021-06-06,2721.01,2849.0,2665.73,2783.69,104832.339417
2021-06-07,2783.46,2790.0,2305.78,2375.24,250080.119013
2021-06-08,2375.25,2581.43,2357.8,2566.44,180284.307819
2021-06-09,2567.48,2627.65,2493.63,2511.75,117209.011671
2021-06-10,2511.56,2523.43,2402.27,2417.0,77969.405888
2021-06-11,2417.01,2454.86,2256.0,2392.79,100510.586814
2021-06-12,2392.85,2426.44,2308.18,2351.17,64157.996503
2021-06-13,2351.04,2580.68,2344.23,2577.29,109975.417577
2021-06-14,2576.77,2639.86,2520.21,2551.82,93561.47649
2021-06-15,2551.82,2614.37,2406.0,2416.8,68480.890835
2021-06-16,2416.49,2461.18,2351.5,2416.99,81918.121105
2021-06-17,2416.99,2424.63,2210.19,2214.61,112768.487478
2021-06-18,2214.84,2275.0,2138.0,2247.0,129353.509936
2021-06-19,2246.83,2253.3,2041.5,2111.14,100041.829887
2021-06-20,2111.08,2277.34,1891.18,1983.99,227012.394461
2021-06-21,1983.7,1999.99,1700.0,1860.16,219558.763681
2021-06-22,1860.39,2044.98,1822.0,1974.92,170024.049607
2021-06-23,1974.92,2018.49,1884.0,1986.55,80869.122133
2021-06-24,1986.55,2036.47,1791.16,1827.25,98731.529262
2021-06-25,1827.17,1869.05,1717.17,1779.32,134799.453839
2021-06-26,1779.37,1894.74,1728.81,1843.59,87082.136799
2021-06-27,1843.92,2118.79,1806.01,2116.85,122984.63456
2021-06-28,2117.36,2235.1,2061.75,2218.47,106578.587859
2021-06-29,2218.46,2245.87,2088.58,2103.21,90002.799021
2021-06-30,2103.53,2287.9,2074.03,2119.0,110034.50943
2021-07-01,2118.89,2140.47,2018.0,2124.54,93546.204041
2021-07-02,2124.36,2240.0,2082.21,2224.69,69991.625471
2021-07-03,2224.69,2347.65,2188.01,2330.79,68271.832341
2021-07-04,2330.89,2391.48,2180.58,2206.42,95207.417996
2021-07-05,2206.38,2349.88,2157.43,2305.17,114729.496842
2021-07-06,2305.37,2410.82,2272.04,2341.96,83773.237074
2021-07-07,2341.9,2371.49,2125.97,2174.64,111219.588214
2021-07-08,2174.69,2189.1,2047.0,2171.74,98453.157871
2021-07-09,2171.8,2192.64,2085.76,2118.76,67597.278674
2021-07-10,2118.77,2159.42,2073.54,2145.33,48931.365462
2021-07-11,2144.89,2174.86,2084.01,2087.7,42589.457505
2021-07-12,2087.69,2097.45,1961.07,1998.41,78946.156347
2021-07-13,1998.72,2019.11,1862.7,1995.65,81234.563309
2021-07-14,1995.65,2041.37,1883.96,1913.54,66052.069497
2021-07-15,1913.55,1965.0,1848.35,1934.26,68262.732447
2021-07-16,1934.27,1941.08,1843.85,1887.51,50404.385017
2021-07-17,1887.15,1994.0,1879.32,1890.55,68074.699806
2021-07-18,1890.56,1928.64,1803.68,1820.04,65437.6584
2021-07-19,1820.07,1841.06,1718.29,1805.47,100500.199048
2021-07-20,1805.48,1959.03,1751.52,1955.21,84425.716084
2021-07-21,1955.27,2045.95,1932.22,2033.26,125852.230385
2021-07-22,2033.8,2094.44,1988.81,2048.0,59407.553742
2021-07-23,2048.0,2180.4,1995.77,2151.12,68746.940439
2021-07-24,2150.96,2198.56,2106.66,2138.56,63142.742405
2021-07-25,2138.55,2390.0,2122.01,2343.09,147629.347097
2021-07-26,2342.14,2431.7,2151.63,2277.65,140214.955662
2021-07-27,2277.45,2346.18,2201.11,2291.31,83098.253753
2021-07-28,2291.31,2335.75,2252.11,2323.47,59123.372693
2021-07-29,2323.48,2451.28,2302.42,2346.39,86425.169665
2021-07-30,2346.39,2483.9,2334.11,2458.83,71001.8626
2021-07-31,2458.01,2636.54,2434.75,2583.02,82794.440566
2021-08-01,2583.03,2698.0,2507.53,2633.47,117938.394021
2021-08-02,2632.91,2665.88,2442.35,2496.72,107978.241161
2021-08-03,2496.47,2700.0,2450.57,2672.64,86873.220622
2021-08-04,2672.64,2820.46,2526.35,2756.68,184079.293971
2021-08-05,2755.26,2858.16,2720.03,2837.51,89903.900861
2021-08-06,2838.56,3172.45,2838.56,3083.17,122980.023782
2021-08-07,3083.17,3190.0,2997.17,3031.64,104817.078637
2021-08-08,3030.96,3173.0,2892.29,3166.07,108971.627403
2021-08-09,3166.39,3234.56,3037.25,3121.5,89920.242553
2021-08-10,3120.31,3274.76,3048.8,3245.01,69064.031908
2021-08-11,3244.82,3266.0,3020.25,3029.3,89470.346446
2021-08-12,3029.3,3262.0,2980.12,3214.8,73593.902627
2021-08-13,3214.82,3336.5,3198.01,3269.81,57273.750124
2021-08-14,3269.9,3297.55,3132.06,3156.72,61573.421263
2021-08-15,3156.73,3337.0,3110.0,3224.21,83782.013464
2021-08-16,3223.93,3290.89,3115.55,3165.92,88624.634022
2021-08-17,3165.95,3189.78,2950.27,3110.6,107449.948538
2021-08-18,3110.64,3125.23,2959.01,3068.09,64676.175021
2021-08-19,3068.08,3301.69,3022.47,3283.79,62470.30228
2021-08-20,3284.08,3309.16,3218.41,3271.42,43773.335523
2021-08-21,3271.42,3291.67,3152.73,3180.0,43259.184725
2021-08-22,3180.0,3377.0,3124.69,3326.12,76821.609523
2021-08-23,3326.2,3358.0,3202.0,3212.43,65425.566825
2021-08-24,3212.42,3230.49,3076.3,3217.43,89410.82224
2021-08-25,3217.43,3250.0,3044.76,3104.56,68287.100881
2021-08-26,3104.69,3250.02,3061.22,3240.07,61949.118169
2021-08-27,3240.08,3286.0,3210.85,3246.17,30749.430994
2021-08-28,3246.14,3287.0,3151.5,3187.18,47487.143584
2021-08-29,3187.18,3256.43,3142.74,3218.32,52884.359268
2021-08-30,3218.67,3473.41,3188.17,3387.77,164027.26325
2021-08-31,3387.78,3585.0,3340.0,3580.57,83458.584612
2021-09-01,3580.05,3843.27,3576.73,3757.0,97781.446776
2021-09-02,3757.0,4029.74,3709.03,3967.82,87802.40551
2021-09-03,3967.82,3984.81,3861.0,3918.0,44861.029644
2021-09-04,3918.0,3956.82,3832.47,3907.39,43639.873237
2021-09-05,3907.39,3982.87,3865.0,3925.53,44210.435366
2021-09-06,3925.8,3971.37,2991.64,3453.58,228297.038219
2021-09-07,3453.09,3576.11,3215.73,3418.91,195474.500824
2021-09-08,3418.91,3567.71,3390.0,3523.0,98839.714004
2021-09-09,3523.44,3556.73,3209.48,3298.37,93263.3479
2021-09-10,3299.13,3347.4,3145.01,3310.99,63633.16265
2021-09-11,3311.04,3473.53,3231.0,3416.61,49902.095208
2021-09-12,3415.74,3449.17,3110.32,3202.08,150830.683833
2021-09-13,3202.04,3408.52,3183.67,3387.77,56963.687585
2021-09-14,3387.63,3512.0,3331.02,3497.87,66135.964807
2021-09-15,3497.99,3677.17,3495.8,3618.59,79270.422742
2021-09-16,3618.04,3635.17,3404.51,3448.96,60415.483652
2021-09-17,3450.26,3541.7,3349.01,3474.49,50506.773058
2021-09-18,3474.48,3491.15,3301.7,3362.92,49555.909958
2021-09-19,3362.92,3378.8,2912.78,3087.69,164983.020847
2021-09-20,3087.69,3122.9,2805.73,3035.73,153506.250272
2021-09-21,3035.65,3047.83,2646.33,3007.32,176834.458342
2021-09-22,3006.99,3148.4,2992.42,3091.73,93933.06332
2021-09-23,3091.9,3173.17,2732.85,2876.71,203560.029847
2021-09-24,2876.1,2979.87,2800.0,2922.45,108108.584635
2021-09-25,2922.07,3056.43,2738.16,3053.02,137896.606917
2021-09-26,3053.33,3164.48,3011.25,3058.86,72161.810227
2021-09-27,3059.68,3061.67,2840.0,2844.53,83984.057461
2021-09-28,2844.34,2949.4,2787.63,2861.47,74323.892708
2021-09-29,2861.47,3049.88,2782.13,2985.61,81807.956066
2021-09-30,2985.62,3279.53,2955.99,3235.95,100624.794738
2021-10-01,3236.03,3398.98,3223.91,3387.49,65951.423249
2021-10-02,3386.92,3470.73,3341.31,3405.84,71147.764465
2021-10-03,3405.84,3487.88,3275.37,3324.45,111582.477049
2021-10-04,3323.83,3474.89,3311.93,3419.12,98277.616243
2021-10-05,3419.63,3631.69,3341.23,3613.79,100316.700897
2021-10-06,3613.35,3643.94,3465.89,3585.63,78373.615257
2021-10-07,3586.12,3670.0,3547.5,3621.14,63529.372725
2021-10-08,3621.15,3647.66,3531.91,3600.48,42047.581109
2021-10-09,3600.48,3609.69,3478.43,3557.52,55439.232639
2021-10-10,3557.21,3623.33,3370.01,3593.91,87028.347894
2021-10-11,3593.49,3599.89,3401.78,3505.26,76960.082856
2021-10-12,3504.65,3532.67,3412.42,3485.26,62163.541725
2021-10-13,3485.51,3819.48,3480.61,3807.89,84062.79914
2021-10-14,3808.43,3861.0,3732.46,3791.09,68453.215854
2021-10-15,3791.09,3971.35,3789.0,3908.86,66598.601998
2021-10-16,3908.85,3919.99,3763.62,3787.7,51312.17462
2021-10-17,3787.36,3894.36,3628.85,3760.39,101680.46309
2021-10-18,3760.48,3860.64,3695.07,3774.43,58631.332519
2021-10-19,3774.42,4080.78,3774.42,4080.69,69910.678127
2021-10-20,4080.69,4375.0,4010.0,4090.73,113878.615641
2021-10-21,4090.73,4167.37,3960.0,3966.39,62498.779853
2021-10-22,3966.27,4097.84,3889.94,4086.0,53855.863695
2021-10-23,4086.0,4186.88,3979.31,3999.9,47509.081107
2021-10-24,3999.89,4213.96,3958.76,4210.98,61085.670471
2021-10-25,4210.98,4258.0,4133.0,4186.65,38704.328821
2021-10-26,4187.08,4319.66,3930.51,3992.81,133216.574714
2021-10-27,3992.8,4206.93,3886.13,4151.82,81875.716474
2021-10-28,4151.11,4449.0,4117.14,4441.52,108018.505229
2021-10-29,4441.52,4460.0,4229.95,4282.03,48210.479688
2021-10-30,4282.32,4394.03,4162.33,4212.28,117132.490132
2021-10-31,4212.28,4382.1,4141.47,4349.01,94004.044238
2021-11-01,4349.01,4518.97,4263.3,4511.31,62109.929612
2021-11-02,4511.3,4639.98,4454.0,4545.3,60175.473877
2021-11-03,4545.31,4668.0,4453.56,4477.8,55663.070284
2021-11-04,4477.8,4570.84,4419.0,4460.8,45152.682567
2021-11-05,4460.8,4514.23,4324.54,4398.69,48772.905559
2021-11-06,4398.69,4626.0,4382.71,4604.55,42311.212321
2021-11-07,4604.93,4776.49,4587.2,4763.9,42548.259889
2021-11-08,4763.89,4838.87,4731.0,4791.95,137196.187184
2021-11-09,4791.95,4871.42,4683.0,4848.34,73910.260846
2021-11-10,4848.35,4866.0,4460.0,4720.28,84693.72696
2021-11-11,4719.8,4809.0,4537.66,4569.47,61214.544382
2021-11-12,4570.77,4707.87,4507.0,4680.0,44569.95483
2021-11-13,4680.0,4702.5,4567.11,4584.45,37249.789729
2021-11-14,4584.01,4770.0,4515.42,4648.37,60111.57461
2021-11-15,4648.38,4659.98,4099.88,4287.47,142706.7621
2021-11-16,4285.28,4329.98,4063.43,4173.28,71894.224561
2021-11-17,4175.32,4343.72,4046.72,4071.05,60489.663551
2021-11-18,4070.58,4237.85,3958.82,4216.96,90110.777656
2021-11-19,4216.24,4333.08,4211.05,4214.53,39791.622138
2021-11-20,4214.54,4435.08,4200.39,4367.35,56355.582675
2021-11-21,4367.16,4426.56,4088.0,4235.93,97172.997197
2021-11-22,4235.99,4330.0,4021.6,4271.32,96345.022422
2021-11-23,4270.93,4386.0,4167.5,4254.0,72939.164147
2021-11-24,4253.64,4503.23,4200.0,4476.55,69624.18352
2021-11-25,4476.56,4553.82,3909.89,4063.47,148650.368059
2021-11-26,4063.47,4183.0,4021.83,4132.26,66500.038973
2021-11-27,4132.26,4158.81,3979.56,4078.64,53410.676406
2021-11-28,4078.65,4375.0,3962.69,4335.82,84086.407206
2021-11-29,4335.83,4754.0,4327.55,4607.99,117312.472515
2021-11-30,4613.37,4778.79,4519.92,4725.83,106462.798466
2021-12-01,4725.83,4757.67,4453.06,4542.62,84910.736888
2021-12-02,4542.62,4655.66,4433.23,4467.67,70100.496477
2021-12-03,4467.67,4467.67,3356.56,4035.0,322524.885681
2021-12-04,4035.0,4249.49,3977.4,4071.31,106184.635838
2021-12-05,4070.85,4204.07,3921.65,4125.35,138723.216122
2021-12-06,4125.67,4424.65,4095.77,4386.71,99936.672541
2021-12-07,4386.71,4450.0,4225.15,4403.96,98135.800613
2021-12-08,4403.96,4489.31,4138.37,4201.15,98122.334995
2021-12-09,4201.75,4235.56,3983.52,4021.86,114156.381852
2021-12-10,4021.85,4087.5,3834.19,4059.27,101565.297456
2021-12-11,4058.26,4098.0,3979.54,4024.33,54289.401521
2021-12-12,4024.67,4173.52,3764.92,3810.31,98261.665779
2021-12-13,3810.31,3883.4,3671.0,3785.9,108078.555708
2021-12-14,3786.04,3900.0,3652.19,3658.63,90006.644152
2021-12-15,3658.62,4113.39,3641.66,4082.31,125586.147378
2021-12-16,4082.11,4110.84,3696.67,3833.25,98337.331582
2021-12-17,3833.44,3993.25,3765.53,3945.46,99797.666269
2021-12-18,3945.45,4039.01,3889.81,3926.56,66918.378932
2021-12-19,3926.55,3994.66,3753.64,3801.14,88422.659455
2021-12-20,3801.14,4061.31,3793.3,3977.7,85547.767606
2021-12-21,3977.7,4074.82,3931.15,4006.96,52531.286303
2021-12-22,4006.95,4033.47,3890.81,3948.76,55553.949277
2021-12-23,3948.78,4152.12,3944.72,4093.45,84565.455405
2021-12-24,4093.85,4134.68,4018.01,4079.99,49714.063356
2021-12-25,4079.93,4138.3,4004.99,4053.76,44965.61842
2021-12-26,4053.76,4113.98,4033.37,4093.19,38993.843776
2021-12-27,4093.2,4127.12,3849.63,3898.47,84480.984614
2021-12-28,3898.3,3901.83,3697.93,3795.1,90010.1705
2021-12-29,3795.1,3799.2,3583.42,3708.97,75005.763418
2021-12-30,3708.98,3814.65,3683.0,3785.0,59254.89134
2021-12-31,3785.09,3788.45,3623.0,3725.29,42628.825035
2022-01-01,3725.3,3788.75,3716.9,3778.09,33565.107884
2022-01-02,3777.53,3858.42,3772.2,3784.69,46669.741283
2022-01-03,3784.69,3900.01,3679.62,3849.03,77497.265298
2022-01-04,3849.54,3864.25,3756.48,3820.08,46600.565182
2022-01-05,3820.09,3822.59,3298.76,3396.7,156907.014979
2022-01-06,3396.7,3460.0,3056.25,3131.47,178511.318628
2022-01-07,3131.13,3246.66,3090.0,3160.45,100973.330108
2022-01-08,3160.46,3179.59,3000.0,3097.7,100075.740402
2022-01-09,3097.86,3210.65,2933.0,3005.31,148697.89486
2022-01-10,3005.87,3157.54,2969.54,3133.69,135298.112404
2022-01-11,3133.69,3386.96,3130.07,3361.23,176762.4861
2022-01-12,3361.23,3412.81,3273.51,3302.11,93463.46619
2022-01-13,3301.98,3319.28,3190.94,3278.71,103678.743286
2022-01-14,3278.42,3369.97,3259.17,3362.6,59892.776594
2022-01-15,3362.6,3371.76,3273.33,3352.55,50391.341933
2022-01-16,3352.83,3393.25,3215.0,3236.56,54783.841477
2022-01-17,3237.19,3247.11,3100.48,3116.83,102184.421063
2022-01-18,3116.83,3192.0,3047.16,3123.88,111942.850015
2022-01-19,3123.09,3270.73,3082.5,3261.82,85895.524758
2022-01-20,3262.13,3271.88,2727.0,2831.31,220766.653983
2022-01-21,2831.32,2860.56,2298.94,2387.53,438168.810339
2022-01-22,2386.9,2550.0,2319.14,2432.37,220756.363704
2022-01-23,2432.38,2548.65,2158.2,2274.02,410373.592401
2022-01-24,2274.33,2479.99,2212.75,2419.12,230310.110953
2022-01-25,2419.31,2666.66,2404.26,2605.2,164456.055065
2022-01-26,2605.2,2721.7,2355.21,2479.53,319453.790863
2022-01-27,2479.77,2495.28,2316.0,2443.25,175105.613489
2022-01-28,2443.32,2607.07,2425.0,2543.65,97806.073603
2022-01-29,2543.51,2640.0,2528.0,2616.93,118656.319593
2022-01-30,2617.17,2635.1,2476.19,2620.6,106026.597561
2022-01-31,2620.59,2810.38,2614.5,2767.59,131798.647701
2022-02-01,2767.6,2813.93,2650.0,2664.4,79741.965033
2022-02-02,2664.2,2735.0,2576.08,2639.8,130698.106642
2022-02-03,2639.81,2927.0,2577.0,2871.64,167638.222374
2022-02-04,2871.79,3060.0,2868.2,3051.08,110114.441191
2022-02-05,3051.07,3054.6,2952.0,2991.2,62413.469316
2022-02-06,2991.4,3127.2,2975.68,3122.32,97940.099606
2022-02-07,3122.08,3232.2,3030.66,3076.7,163527.082096
2022-02-08,3076.4,3217.39,3025.5,3178.37,96135.826281
2022-02-09,3178.38,3283.16,3084.99,3209.29,148736.854299
2022-02-10,3209.29,3250.0,3001.0,3102.43,115117.498812
2022-02-11,3102.43,3112.67,2858.4,2880.93,109030.88638
2022-02-12,2880.92,2985.0,2865.38,2919.22,60026.586716
2022-02-13,2919.37,2965.0,2830.0,2936.6,98879.167483
2022-02-14,2936.6,3149.0,2858.12,3122.27,91789.262749
2022-02-15,3122.44,3197.4,3050.41,3065.59,71090.646234
2022-02-16,3065.6,3186.34,2961.32,2988.57,134369.826049
2022-02-17,2988.58,3004.6,2788.46,2800.64,140718.632376
2022-02-18,2800.44,2831.0,2694.21,2745.86,84939.090814
2022-02-19,2746.37,2796.59,2600.0,2652.83,93913.709586
2022-02-20,2652.8,2758.87,2577.0,2723.0,126174.026741
2022-02-21,2723.2,2745.0,2500.0,2624.2,215838.913456
2022-02-22,2624.2,2752.88,2583.0,2688.28,103294.558938
2022-02-23,2688.28,2730.76,2302.0,2455.35,323040.89957
2022-02-24,2455.05,2743.99,2430.1,2733.51,198548.52389
2022-02-25,2733.5,2878.76,2666.66,2784.87,125310.405677
2022-02-26,2784.88,2854.65,2677.24,2809.04,136563.183852
2022-02-27,2809.05,2826.7,2557.8,2815.4,163567.506202
2022-02-28,2815.58,3034.63,2789.09,2948.05,205572.235973
2022-03-01,2948.04,3044.6,2896.08,2952.3,134922.869441
2022-03-02,2952.3,2987.8,2816.0,2827.59,83475.62142
2022-03-03,2827.59,2849.4,2666.0,2672.18,122386.64864
2022-03-04,2672.09,2697.79,2575.0,2642.55,84114.110495
2022-03-05,2642.56,2685.0,2589.6,2627.01,53583.261008
2022-03-06,2627.0,2655.78,2492.64,2618.09,120639.766819
2022-03-07,2617.77,2639.99,2444.78,2559.2,123827.548593
2022-03-08,2559.32,2773.95,2525.25,2757.96,130539.909544
2022-03-09,2757.95,2760.0,2550.3,2597.59,125142.806401
2022-03-10,2597.5,2676.81,2522.22,2580.8,81827.915721
2022-03-11,2581.0,2599.77,2527.39,2585.6,31713.212125
2022-03-12,2585.24,2614.52,2533.4,2579.6,36367.609141
2022-03-13,2579.61,2609.96,2492.19,2572.8,62749.246722
2022-03-14,2572.79,2602.43,2506.55,2572.41,71179.941145
2022-03-15,2572.4,2734.0,2567.9,2703.8,144399.598141
2022-03-16,2703.93,2836.89,2633.0,2801.6,122570.540386
2022-03-17,2801.8,2901.41,2765.41,2896.05,87683.612341
2022-03-18,2896.01,2984.46,2882.1,2967.37,75096.011141
2022-03-19,2967.38,2985.95,2848.2,2854.87,72981.093667
2022-03-20,2854.85,2956.0,2818.66,2954.78,83722.870565
2022-03-21,2954.8,3053.0,2882.98,3002.62,103066.682412
2022-03-22,3002.62,3046.0,2920.52,3032.01,74367.31723
2022-03-23,3032.0,3129.27,2952.1,3115.18,88073.807659
2022-03-24,3115.19,3193.68,3085.85,3121.4,84095.522921
2022-03-25,3121.26,3139.0,3077.0,3115.76,39351.010038
2022-03-26,3115.77,3178.0,3108.0,3170.43,32858.050771
2022-03-27,3170.43,3400.0,3164.0,3357.64,93187.43645
2022-03-28,3357.63,3481.0,3315.77,3402.69,116597.25556
2022-03-29,3402.99,3442.41,3333.0,3381.99,82089.649999
2022-03-30,3382.0,3446.92,3336.0,3350.88,80330.397657
2022-03-31,3350.87,3459.93,3211.01,3432.31,104044.253125
2022-04-01,3432.32,3530.0,3405.0,3460.92,77594.136326
2022-04-02,3460.92,3520.01,3409.99,3499.62,51201.894208
2022-04-03,3499.41,3579.78,3421.68,3424.58,61868.385787
2022-04-04,3424.94,3554.99,3407.33,3452.76,57707.230294
2022-04-05,3452.76,3477.93,3217.74,3256.35,104981.124621
2022-04-06,3256.34,3268.67,3143.01,3198.91,113662.252017
2022-04-07,3198.69,3314.77,3195.17,3280.28,61904.287457
2022-04-08,3281.0,3291.44,3174.0,3209.06,52572.933457
2022-04-09,3209.21,3268.62,3202.82,3255.41,31680.949707
2022-04-10,3255.42,3307.39,3003.31,3003.57,94209.492166
2022-04-11,3003.57,3084.26,2949.0,3044.45,163533.311722
2022-04-12,3044.66,3116.48,2967.04,3093.35,96979.89824
2022-04-13,3093.36,3144.9,3012.02,3016.3,77843.210558
2022-04-14,3016.29,3062.0,2975.13,3028.44,64100.238028
2022-04-15,3028.46,3058.58,3009.54,3018.0,25578.087277
2022-04-16,3018.01,3086.45,3014.29,3072.46,29527.587404
2022-04-17,3072.46,3077.99,2882.28,2914.16,81766.717654
2022-04-18,2914.52,3131.09,2895.01,3110.97,75356.706525
2022-04-19,3110.2,3168.68,3050.1,3068.67,61087.58292
2022-04-20,3068.66,3180.0,3036.74,3104.88,59333.998566
2022-04-21,3104.84,3107.23,2940.16,2949.6,74363.438917
2022-04-22,2949.62,2982.74,2915.01,2966.18,32624.123773
2022-04-23,2966.29,2978.26,2912.51,2944.41,24229.430506
2022-04-24,2944.42,2967.23,2794.01,2869.4,101449.308943
2022-04-25,2869.41,3038.0,2854.0,2860.12,76434.614148
2022-04-26,2860.12,2919.98,2765.4,2865.12,78552.905322
2022-04-27,2865.12,2947.98,2839.0,2890.42,59565.981205
2022-04-28,2890.42,2980.55,2832.32,2856.88,58781.104047
2022-04-29,2856.89,2858.06,2770.59,2816.38,43235.351754
2022-04-30,2816.38,2821.82,2713.42,2805.75,54448.455469
2022-05-01,2805.66,2873.93,2754.85,2827.17,58216.275759
2022-05-02,2827.99,2882.49,2778.66,2822.71,39223.527145
2022-05-03,2822.72,2887.83,2755.16,2844.17,49292.964702
2022-05-04,2843.93,2966.32,2727.04,2742.86,145872.270388
2022-05-05,2742.53,2771.0,2632.6,2688.28,152324.999581
2022-05-06,2688.27,2713.33,2653.73,2693.01,42618.249314
2022-05-07,2693.0,2701.37,2512.37,2516.83,142189.241403
2022-05-08,2517.37,2572.07,2344.53,2382.88,266666.004767
2022-05-09,2382.93,2456.77,2200.0,2361.93,388987.992579
2022-05-10,2362.73,2452.61,2121.0,2264.58,399313.36754
2022-05-11,2264.75,2282.49,1791.85,1968.39,578409.447685
2022-05-12,1967.96,2148.0,1870.45,2093.27,196369.147011
2022-05-13,2093.44,2112.94,1951.82,1963.92,96387.995165
2022-05-14,1963.97,2099.43,1955.4,2062.52,61037.361279
2022-05-15,2062.58,2167.59,1978.0,2014.55,99617.421145
2022-05-16,2014.8,2122.2,1980.0,2061.23,115262.777062
2022-05-17,2061.24,2110.88,1944.0,1955.99,121331.232504
2022-05-18,1955.96,2040.0,1903.15,2023.75,131549.832566
2022-05-19,2023.65,2064.49,1952.09,1960.61,99773.903845
2022-05-20,1960.61,1988.99,1923.0,1980.19,62604.047838
2022-05-21,1980.19,2037.65,1965.92,2004.62,50562.503091
2022-05-22,2004.62,2088.51,1992.42,2065.25,82340.165366
2022-05-23,2065.25,2079.27,1912.77,1962.76,83080.696633
2022-05-24,1962.56,2022.0,1934.0,1964.72,91461.419164
2022-05-25,1964.53,1982.99,1732.73,1862.19,216161.069774
2022-05-26,1862.09,1908.36,1712.0,1764.31,217440.624269
2022-05-27,1764.3,1809.0,1704.43,1794.82,124609.806457
2022-05-28,1794.82,1827.23,1759.54,1796.89,73202.372395
2022-05-29,1796.88,1923.71,1785.01,1912.35,117723.906793
2022-05-30,1912.35,2016.0,1905.81,1988.43,134498.561054
2022-05-31,1988.38,1999.64,1879.36,1881.27,104095.972855
2022-06-01,1881.14,1881.36,1761.56,1816.4,142921.091183
2022-06-02,1816.58,1853.0,1736.16,1763.59,95979.81732
2022-06-03,1763.5,1796.29,1742.41,1778.49,35211.388451
2022-06-04,1778.68,1815.79,1767.09,1811.42,32066.862299
2022-06-05,1811.43,1920.74,1795.88,1886.51,94312.291347
2022-06-06,1886.73,1889.11,1725.8,1781.51,133260.86823
2022-06-07,1781.69,1875.56,1751.96,1815.19,136194.688859
2022-06-08,1815.14,1832.87,1771.43,1799.52,50446.832997
2022-06-09,1799.52,1818.95,1708.0,1727.12,93950.888562
2022-06-10,1727.0,1730.79,1500.0,1517.68,255348.604031
2022-06-11,1517.73,1578.09,1424.19,1526.02,205551.743779
2022-06-12,1525.88,1532.44,1164.4,1229.9,733207.698706
2022-06-13,1229.89,1283.91,1075.02,1250.71,776506.377086
2022-06-14,1250.7,1269.21,1012.17,1120.21,617714.081212
2022-06-15,1120.21,1257.78,1043.69,1114.5,576967.656785
2022-06-16,1114.39,1134.21,1051.13,1085.0,227893.597201
2022-06-17,1084.81,1099.9,974.72,989.96,235332.529144
2022-06-18,989.96,1079.55,881.0,1071.55,548909.753609
2022-06-19,1071.38,1170.57,1042.64,1134.44,372834.062008
2022-06-20,1134.45,1193.74,1082.81,1168.18,279478.910406
2022-06-21,1168.18,1175.15,1066.6,1075.09,228594.050156
2022-06-22,1075.14,1131.0,1043.34,1093.96,198902.668138
2022-06-23,1093.98,1226.9,1082.29,1198.05,307527.313242
2022-06-24,1198.05,1245.95,1182.0,1184.42,304918.817083
2022-06-25,1184.12,1280.0,1180.09,1223.6,243900.715862
2022-06-26,1223.52,1251.91,1174.67,1187.67,199309.923225
2022-06-27,1187.56,1239.85,1161.83,1183.61,258329.959663
2022-06-28,1183.61,1194.79,1090.3,1114.27,326436.905117
2022-06-29,1114.27,1122.72,997.51,1031.8,426307.88124
2022-06-30,1031.8,1117.83,1005.05,1057.16,397571.116471
2022-07-01,1057.11,1092.42,1028.17,1052.59,201295.538966
2022-07-02,1052.59,1088.06,1040.49,1050.72,133072.948377
2022-07-03,1050.72,1134.0,1045.0,1112.27,189277.906218
2022-07-04,1112.28,1175.0,1076.85,1093.08,248248.87184
2022-07-05,1093.09,1170.0,1088.33,1133.4,243170.299881
2022-07-06,1133.45,1228.81,1132.14,1220.41,198303.114109
2022-07-07,1220.41,1276.8,1193.33,1235.76,234915.269604
2022-07-08,1235.75,1254.86,1204.39,1215.47,134338.922907
2022-07-09,1215.38,1234.76,1156.26,1163.34,131668.261495
2022-07-10,1163.34,1184.75,1128.35,1143.83,126222.879702
2022-07-11,1143.68,1156.93,1053.9,1076.05,159336.109618
2022-07-12,1076.05,1104.0,1006.0,1060.36,281477.126288
2022-07-13,1060.36,1148.15,1049.32,1141.0,209700.284938
2022-07-14,1141.05,1237.37,1133.01,1222.76,265904.574775
2022-07-15,1222.56,1289.67,1191.43,1274.79,214871.672915
2022-07-16,1274.72,1434.0,1272.05,1351.68,326287.327428
2022-07-17,1351.73,1530.0,1317.7,1520.7,407914.992776
2022-07-18,1520.71,1632.55,1450.0,1540.28,571582.663204
2022-07-19,1540.39,1621.0,1510.6,1596.49,366001.581801
2022-07-20,1596.56,1597.53,1463.2,1510.72,281087.029538
2022-07-21,1510.74,1646.66,1509.37,1574.85,286793.483025
2022-07-22,1574.7,1596.67,1502.0,1523.96,220005.165025
2022-07-23,1523.77,1628.72,1488.0,1613.0,245256.690663
2022-07-24,1613.0,1664.7,1499.57,1526.0,255120.164287
2022-07-25,1526.07,1539.47,1363.21,1368.47,325567.39358
2022-07-26,1368.62,1496.88,1355.81,1489.38,233449.90872
2022-07-27,1489.34,1756.0,1478.0,1728.06,471901.79676
2022-07-28,1728.33,1784.2,1656.5,1721.48,258860.373067
2022-07-29,1721.52,1765.34,1668.58,1736.29,210617.687807
2022-07-30,1736.29,1737.36,1673.53,1711.98,136883.354467
2022-07-31,1712.03,1754.55,1636.34,1672.9,210250.713848
2022-08-01,1672.73,1673.64,1558.94,1629.64,210498.014987
2022-08-02,1629.64,1684.77,1589.29,1656.42,181320.370555
2022-08-03,1656.26,1671.81,1595.0,1615.37,146204.420686
2022-08-04,1615.53,1725.3,1580.7,1670.23,194984.845396
2022-08-05,1670.18,1750.0,1656.09,1715.39,166286.209506
2022-08-06,1715.3,1724.36,1668.18,1698.82,142447.898324
2022-08-07,1698.83,1818.88,1690.73,1775.32,194671.527703
2022-08-08,1775.31,1800.0,1668.58,1684.29,155067.454779
2022-08-09,1684.62,1853.0,1656.39,1837.71,240392.980816
2022-08-10,1837.61,1978.38,1804.31,1890.58,310653.007485
2022-08-11,1890.37,1913.85,1851.19,1897.72,124198.072883
2022-08-12,1897.53,2019.3,1890.86,1988.51,173095.515908
2022-08-13,1988.51,2030.49,1967.64,1984.13,87508.742953
2022-08-14,1984.13,2013.95,1872.68,1918.22,186557.033145
2022-08-15,1918.13,1933.0,1857.0,1887.5,129381.433319
2022-08-16,1887.43,1957.23,1819.15,1830.72,204410.493351
2022-08-17,1830.63,1882.05,1822.0,1872.69,152570.893541
2022-08-18,1872.7,1879.76,1675.74,1697.78,274631.226082
2022-08-19,1698.0,1726.18,1603.0,1634.28,208270.523964
2022-08-20,1634.68,1640.82,1523.29,1621.36,210730.030159
2022-08-21,1621.37,1647.0,1530.09,1589.9,197862.298036
2022-08-22,1589.9,1653.96,1549.24,1640.44,187545.633927
2022-08-23,1640.47,1687.6,1605.5,1683.46,158953.712241
2022-08-24,1683.47,1723.0,1651.75,1701.62,118248.417871
2022-08-25,1701.44,1713.07,1585.0,1593.39,260999.611145
2022-08-26,1593.42,1599.72,1453.83,1470.53,242073.681866
2022-08-27,1470.02,1511.67,1447.0,1486.74,147328.032927
2022-08-28,1486.73,1530.77,1422.33,1521.3,193399.00897
2022-08-29,1521.45,1607.0,1508.88,1524.59,192452.726637
2022-08-30,1524.65,1619.8,1473.67,1560.87,297955.353494
2022-08-31,1560.58,1588.79,1513.2,1535.81,194070.187655
2022-09-01,1535.82,1648.88,1523.13,1636.34,174594.593079
2022-09-02,1636.29,1639.0,1534.44,1548.29,121081.582972
2022-09-03,1548.56,1583.85,1535.58,1560.42,56538.642709
2022-09-04,1560.42,1606.04,1555.87,1600.58,87504.122329
2022-09-05,1600.62,1686.86,1576.48,1669.74,171210.957014
2022-09-06,1669.67,1674.5,1485.51,1543.82,241541.920267
2022-09-07,1543.82,1658.0,1536.24,1629.71,228658.878908
2022-09-08,1629.64,1747.27,1608.78,1719.27,184898.788408
2022-09-09,1719.37,1745.33,1695.99,1715.76,88950.628991
2022-09-10,1715.76,1789.31,1709.21,1768.46,80074.484395
2022-09-11,1768.46,1789.36,1695.74,1706.48,145952.485385
2022-09-12,1706.47,1760.78,1575.47,1593.99,223266.283778
2022-09-13,1593.99,1633.5,1552.62,1595.98,149894.372703
2022-09-14,1596.1,1655.28,1453.12,1491.89,403944.206171
2022-09-15,1491.86,1518.18,1424.05,1452.68,176596.675562
2022-09-16,1452.44,1456.91,1405.22,1444.37,104577.676146
2022-09-17,1444.29,1476.19,1409.92,1417.09,86808.078634
2022-09-18,1417.1,1424.4,1280.0,1341.48,287921.064901
2022-09-19,1341.49,1393.24,1322.35,1377.3,142170.186785
2022-09-20,1377.3,1383.97,1312.63,1343.11,98285.395939
2022-09-21,1343.12,1413.51,1218.73,1271.27,400883.893589
2022-09-22,1271.17,1359.96,1252.19,1294.06,197465.294812
2022-09-23,1294.05,1349.24,1274.13,1339.74,115044.756517
2022-09-24,1339.75,1348.31,1298.16,1311.0,68588.886095
2022-09-25,1311.01,1338.41,1268.97,1325.25,162082.513492
2022-09-26,1325.11,1400.23,1311.45,1365.3,144502.925921
2022-09-27,1365.47,1367.95,1252.39,1331.81,198159.276064
2022-09-28,1331.82,1355.67,1288.21,1326.83,146574.220618
2022-09-29,1326.73,1373.66,1314.05,1351.06,155495.420059
2022-09-30,1351.07,1361.77,1316.66,1322.56,68122.230387
2022-10-01,1322.81,1324.57,1285.26,1293.5,75944.927993
2022-10-02,1293.5,1327.32,1262.68,1318.79,101504.028679
2022-10-03,1318.72,1364.99,1309.35,1353.84,95577.082758
2022-10-04,1353.86,1369.92,1316.28,1330.29,70646.494737
2022-10-05,1330.29,1383.73,1327.35,1361.46,114763.890363
2022-10-06,1361.46,1373.0,1324.43,1334.12,88980.383757
2022-10-07,1334.13,1337.53,1317.25,1324.51,43735.514121
2022-10-08,1324.42,1330.39,1303.63,1326.28,45688.986337
2022-10-09,1326.29,1338.0,1295.38,1308.46,62352.153466
2022-10-10,1308.46,1314.99,1266.6,1293.53,112433.841847
2022-10-11,1293.52,1306.63,1273.55,1299.33,55456.048519
2022-10-12,1299.33,1302.94,1184.36,1256.73,212000.011042
2022-10-13,1256.89,1343.17,1251.01,1310.12,133808.27568
2022-10-14,1310.11,1313.44,1277.03,1286.14,57518.93036
2022-10-15,1286.14,1290.1,1263.44,1286.16,35103.454775
2022-10-16,1286.2,1337.53,1281.6,1329.13,79331.396371
2022-10-17,1329.12,1341.89,1298.81,1307.8,75854.177589
2022-10-18,1307.66,1320.26,1286.93,1304.61,63779.494241
2022-10-19,1304.61,1311.0,1270.23,1299.89,66290.423686
2022-10-20,1299.89,1299.89,1252.06,1297.33,84758.669205
2022-10-21,1297.39,1318.99,1294.29,1316.16,43390.919269
2022-10-22,1316.16,1320.0,1299.85,1313.71,36989.305114
2022-10-23,1313.72,1371.57,1311.12,1341.58,135459.065826
2022-10-24,1341.48,1418.0,1330.5,1408.26,168299.861333
2022-10-25,1408.24,1595.23,1404.83,1567.46,428656.458244
2022-10-26,1567.46,1584.9,1531.27,1544.14,240997.437291
2022-10-27,1544.15,1565.96,1478.16,1537.78,229089.781977
2022-10-28,1537.81,1652.87,1533.53,1632.24,227248.443971
2022-10-29,1632.25,1664.61,1578.02,1586.98,168323.934994
2022-10-30,1586.99,1635.41,1545.34,1569.36,189468.364423
2022-10-31,1569.36,1614.45,1550.21,1574.24,156465.282128
2022-11-01,1574.23,1600.58,1535.91,1558.54,101497.718655
2022-11-02,1558.54,1621.0,1502.22,1542.55,267855.296532
2022-11-03,1542.54,1678.0,1524.41,1625.14,202266.559626
2022-11-04,1625.26,1667.0,1608.25,1636.22,94777.080253
2022-11-05,1636.29,1642.75,1607.96,1623.94,57041.351569
2022-11-06,1623.83,1626.0,1546.3,1591.89,112336.474346
2022-11-07,1592.05,1608.44,1424.25,1462.18,271933.98771
2022-11-08,1462.33,1579.13,1136.22,1163.37,845465.307963
2022-11-09,1163.81,1346.86,1071.9,1321.96,508479.407819
2022-11-10,1321.87,1350.0,1201.0,1260.24,352849.271138
2022-11-11,1260.23,1295.0,1233.0,1274.34,167941.379777
2022-11-12,1274.58,1278.12,1215.16,1231.94,96500.432762
2022-11-13,1232.02,1290.73,1171.16,1245.43,226602.211154
2022-11-14,1245.49,1289.99,1210.4,1264.75,163697.176222
2022-11-15,1264.25,1273.98,1186.62,1192.83,147649.030931
2022-11-16,1192.7,1228.91,1181.81,1193.15,113038.479344
2022-11-17,1193.11,1234.23,1189.1,1210.9,94510.172984
2022-11-18,1211.14,1215.41,1198.0,1209.77,44884.391743
2022-11-19,1209.77,1233.59,1152.02,1177.24,134420.798608
2022-11-20,1177.32,1190.77,1106.02,1130.69,167009.774561
2022-11-21,1130.8,1142.45,1073.35,1134.67,213188.836276
2022-11-22,1135.3,1184.0,1114.71,1161.49,139551.963213
2022-11-23,1161.51,1217.12,1150.54,1195.4,118492.434925
2022-11-24,1195.4,1208.97,1170.0,1189.6,88894.048466
2022-11-25,1189.6,1235.0,1182.76,1211.01,84293.248133
2022-11-26,1211.01,1223.21,1196.32,1217.86,57553.987954
2022-11-27,1218.19,1220.93,1155.0,1163.44,91931.501984
2022-11-28,1163.56,1224.02,1151.08,1208.96,112804.616987
2022-11-29,1209.06,1292.37,1203.03,1267.57,138271.799996
2022-11-30,1267.52,1315.0,1259.31,1271.59,129546.512951
2022-12-01,1271.6,1297.41,1265.4,1278.84,83241.93461
2022-12-02,1278.85,1312.4,1260.31,1271.13,68044.174806
2022-12-03,1271.12,1271.81,1236.19,1260.12,66846.033287
2022-12-04,1260.11,1305.45,1256.65,1266.67,113902.903218
2022-12-05,1266.58,1270.5,1241.31,1254.17,65558.119673
2022-12-06,1254.52,1278.44,1217.35,1233.6,118078.758193
2022-12-07,1233.59,1254.24,1222.08,1249.84,80149.647774
2022-12-08,1249.84,1298.0,1248.79,1277.76,128936.005697
2022-12-09,1277.77,1279.43,1255.79,1278.19,37091.482282
2022-12-10,1278.2,1283.92,1262.0,1273.53,32033.206943
2022-12-11,1273.54,1284.98,1240.2,1249.05,69626.187514
2022-12-12,1249.12,1356.0,1248.51,1323.95,187857.944333
2022-12-13,1323.95,1344.39,1305.5,1338.18,95987.941184
2022-12-14,1338.28,1353.33,1263.0,1270.43,183393.964547
2022-12-15,1270.55,1279.92,1190.0,1203.72,188316.29876
2022-12-16,1203.65,1212.3,1155.71,1179.85,143221.880673
2022-12-17,1179.86,1190.0,1170.51,1186.42,18266.936304
2022-12-18,1184.98,1194.76,1173.81,1179.78,55558.584835
2022-12-19,1179.77,1231.72,1150.29,1217.28,144511.084108
2022-12-20,1217.21,1223.56,1203.49,1215.48,63540.076023
2022-12-21,1215.48,1221.59,1184.23,1186.72,65454.655383
2022-12-22,1186.64,1238.69,1183.06,1219.34,116162.850055
2022-12-23,1219.28,1222.48,1214.74,1219.02,28437.207089
2022-12-24,1219.0,1227.99,1190.0,1211.07,66625.557768
2022-12-25,1211.07,1225.99,1193.32,1215.47,51259.123502
2022-12-26,1215.53,1233.62,1205.67,1211.57,62453.16435
2022-12-27,1211.57,1215.99,1185.0,1189.26,91256.595617
2022-12-28,1189.16,1207.1,1180.6,1201.13,75985.263556
2022-12-29,1201.14,1204.42,1181.57,1195.31,65680.752803
2022-12-30,1195.3,1208.87,1191.7,1203.21,37959.215254
2022-12-31,1203.2,1206.4,1191.27,1196.87,25547.389267
2023-01-01,1196.86,1224.64,1192.9,1218.83,75528.014053
2023-01-02,1218.83,1224.0,1204.98,1211.99,35522.347153
2023-01-03,1211.88,1263.32,1205.3,1255.86,144152.101462
2023-01-04,1255.86,1273.55,1243.0,1249.45,90744.953901
2023-01-05,1249.45,1265.0,1235.08,1262.89,85624.683856
2023-01-06,1263.01,1276.99,1260.29,1265.06,48463.810629
2023-01-07,1265.05,1275.54,1257.8,1274.44,35131.947986
2023-01-08,1274.45,1341.9,1262.01,1335.82,194735.943795
2023-01-09,1335.61,1344.61,1315.56,1334.0,112737.925774
2023-01-10,1334.01,1347.18,1321.0,1323.25,98710.199898
2023-01-11,1323.14,1420.0,1321.73,1385.58,305541.831405
2023-01-12,1385.58,1438.98,1383.12,1421.53,153965.000742
2023-01-13,1421.72,1640.68,1407.0,1525.74,347347.397807
2023-01-14,1525.62,1562.0,1516.11,1556.23,101442.424166
2023-01-15,1556.23,1584.59,1521.24,1549.9,125134.683264
2023-01-16,1549.69,1609.7,1538.64,1571.49,146361.442503
2023-01-17,1571.33,1609.37,1531.09,1550.24,126961.624193
2023-01-18,1550.03,1567.48,1497.92,1533.31,194507.803586
2023-01-19,1533.05,1569.54,1521.83,1563.27,83502.792044
2023-01-20,1563.27,1680.0,1561.29,1647.01,238817.610052
2023-01-21,1647.28,1668.57,1602.97,1635.01,118953.045749
2023-01-22,1635.57,1664.71,1583.85,1620.76,129651.086378
2023-01-23,1620.74,1641.58,1602.64,1620.35,95697.766588
2023-01-24,1620.67,1624.79,1512.8,1543.96,205691.988634
2023-01-25,1544.09,1640.02,1541.05,1590.41,190168.32234
2023-01-26,1589.73,1611.83,1552.19,1575.12,113144.471121
2023-01-27,1575.12,1621.59,1563.02,1578.47,74021.064123
2023-01-28,1578.42,1626.99,1555.19,1611.41,97346.461117
2023-01-29,1611.41,1662.41,1566.3,1584.6,178540.593323
2023-01-30,1584.61,1596.18,1530.01,1588.79,106227.202771
2023-01-31,1588.98,1606.0,1563.7,1575.66,79352.82071
2023-02-01,1575.46,1697.78,1555.0,1678.19,207816.75253
2023-02-02,1678.16,1717.77,1625.77,1663.65,170358.970229
2023-02-03,1663.6,1695.0,1642.38,1680.25,87165.037194
2023-02-04,1680.25,1690.02,1635.0,1644.52,85514.073106
2023-02-05,1644.53,1649.5,1608.05,1648.03,121504.570326
2023-02-06,1648.04,1658.65,1604.8,1631.02,86581.237704
2023-02-07,1631.0,1697.99,1624.09,1653.32,132196.9102
2023-02-08,1653.32,1659.94,1609.6,1632.34,123864.523811
2023-02-09,1632.27,1633.8,1504.73,1522.61,230227.081115
2023-02-10,1522.62,1539.26,1486.24,1523.05,100682.650527
2023-02-11,1523.06,1544.27,1504.55,1536.3,51858.232258
2023-02-12,1536.18,1548.0,1463.73,1476.16,166735.290085
2023-02-13,1476.08,1568.82,1461.0,1544.71,203127.97602
2023-02-14,1544.74,1593.05,1533.97,1579.43,131391.822293
2023-02-15,1579.42,1728.68,1573.05,1723.4,238468.476845
2023-02-16,1723.75,1742.47,1630.95,1673.0,168047.993116
2023-02-17,1672.88,1722.02,1662.3,1695.36,88392.358629
2023-02-18,1695.42,1725.28,1679.02,1711.44,57440.152764
2023-02-19,1711.62,1727.0,1650.66,1707.12,107479.096802
2023-02-20,1707.12,1716.55,1658.32,1672.39,87007.12072
2023-02-21,1672.39,1686.66,1605.9,1614.21,123157.747941
2023-02-22,1613.92,1678.63,1593.71,1655.88,127716.047815
2023-02-23,1655.87,1664.34,1600.0,1603.2,92497.663755
2023-02-24,1603.21,1622.9,1573.7,1597.01,104232.438159
2023-02-25,1597.01,1615.8,1557.04,1605.06,63906.675623
2023-02-26,1605.24,1665.07,1598.55,1644.36,85161.753308
2023-02-27,1644.36,1649.51,1607.48,1641.36,72816.513292
2023-02-28,1641.23,1671.28,1593.45,1657.51,104984.226525
2023-03-01,1657.5,1677.85,1618.3,1628.45,98449.215159
2023-03-02,1628.21,1658.11,1520.01,1566.69,203635.457132
2023-03-03,1566.69,1577.33,1547.21,1562.14,58186.720987
2023-03-04,1562.14,1588.93,1549.38,1569.3,58636.428605
2023-03-05,1569.15,1583.36,1554.68,1577.9,57267.890696
2023-03-06,1577.79,1584.21,1532.56,1561.11,96018.681965
2023-03-07,1560.9,1570.64,1540.24,1560.4,78032.347563
2023-03-08,1560.49,1565.0,1520.97,1534.22,88723.563986
2023-03-09,1534.04,1537.97,1368.0,1416.88,379861.114336
2023-03-10,1416.89,1476.99,1400.51,1427.91,375862.701265
2023-03-11,1427.83,1477.77,1422.23,1456.22,183301.149186
2023-03-12,1456.22,1698.0,1454.19,1666.34,384453.558425
2023-03-13,1666.77,1778.39,1647.82,1769.6,296347.786081
2023-03-14,1769.61,1775.32,1626.0,1634.44,265740.055726
2023-03-15,1634.29,1669.58,1610.9,1662.72,162827.798488
2023-03-16,1662.71,1763.35,1652.65,1717.38,171698.646289
2023-03-17,1717.2,1843.14,1709.27,1786.43,171897.189937
2023-03-18,1786.48,1813.81,1746.46,1793.43,112748.898084
2023-03-19,1793.43,1841.0,1736.53,1763.06,182443.719926
2023-03-20,1763.15,1835.58,1717.59,1812.34,152523.568634
2023-03-21,1812.34,1825.71,1774.03,1805.99,113890.68921
2023-03-22,1805.99,1857.92,1710.59,1837.22,247538.401473
2023-03-23,1837.23,1840.84,1720.0,1766.95,211282.120463
2023-03-24,1766.98,1769.92,1726.4,1754.77,100640.720591
2023-03-25,1754.85,1802.0,1713.6,1762.85,122844.420452
2023-03-26,1762.86,1783.14,1686.28,1711.76,120406.553948
2023-03-27,1711.56,1754.72,1696.22,1744.13,103216.438581
2023-03-28,1743.91,1827.5,1726.53,1807.65,143643.156864
2023-03-29,1807.66,1829.78,1765.17,1789.4,127993.216439
2023-03-30,1789.17,1846.75,1762.9,1830.4,154973.789033
2023-03-31,1830.45,1842.84,1812.77,1820.75,64097.817358
2023-04-01,1820.75,1825.78,1789.0,1797.6,48998.918847
2023-04-02,1797.53,1822.0,1763.05,1796.99,91668.092233
2023-04-03,1797.0,1892.27,1768.8,1862.51,212512.093242
2023-04-04,1862.5,1945.94,1857.15,1896.95,146037.687006
2023-04-05,1897.05,1918.22,1854.17,1874.53,93635.515776
2023-04-06,1874.75,1882.69,1840.38,1860.22,69716.002337
2023-04-07,1860.44,1880.18,1851.37,1867.14,51515.483409
2023-04-08,1867.15,1869.63,1822.5,1837.02,77356.186375
2023-04-09,1837.02,1873.32,1835.81,1860.99,51942.815434
2023-04-10,1861.0,1937.64,1857.53,1913.75,119007.967858
2023-04-11,1913.6,1932.44,1851.27,1912.0,141396.273485
2023-04-12,1911.99,2010.85,1893.53,1996.96,167496.901232
2023-04-13,1996.96,2157.51,1991.16,2058.76,222039.620185
2023-04-14,2058.75,2122.29,2041.25,2097.99,80221.053465
2023-04-15,2098.0,2109.82,2072.33,2093.81,51166.54099
2023-04-16,2093.82,2144.67,2056.68,2071.41,120762.163814
2023-04-17,2071.41,2124.66,2050.52,2095.72,71922.630064
2023-04-18,2095.73,2107.69,1941.3,1983.14,232693.962631
2023-04-19,1983.14,1991.57,1917.94,1946.21,156650.442202
2023-04-20,1946.2,1956.79,1890.8,1903.96,179237.008872
2023-04-21,1903.98,1908.72,1823.99,1866.87,149554.287053
2023-04-22,1867.12,1887.75,1847.06,1859.54,60123.002434
2023-04-23,1859.54,1889.99,1826.37,1834.35,115774.583908
2023-04-24,1834.34,1850.82,1800.18,1814.91,113184.405659
2023-04-25,1814.91,1965.0,1812.52,1953.72,194387.114208
2023-04-26,1953.72,1958.45,1783.28,1900.06,343460.242279
2023-04-27,1900.13,1937.7,1875.0,1886.67,85084.690478
2023-04-28,1886.67,1917.66,1883.17,1905.41,37802.913985
2023-04-29,1905.6,1939.42,1883.0,1919.94,49833.361236
2023-04-30,1919.84,1934.2,1823.02,1833.37,148656.474877
2023-05-01,1833.37,1867.87,1806.5,1858.49,122360.12234
2023-05-02,1858.29,1880.0,1842.78,1853.28,61275.272867
2023-05-03,1853.28,1918.43,1850.8,1886.13,94311.947622
2023-05-04,1886.01,1955.92,1866.66,1953.31,101123.849048
2023-05-05,1953.18,2019.0,1852.08,1877.87,218999.071265
2023-05-06,1877.55,1933.2,1876.17,1917.18,94697.411497
2023-05-07,1917.28,1923.58,1835.2,1864.8,176554.351358
2023-05-08,1864.82,1867.24,1810.76,1839.54,96683.605081
2023-05-09,1839.9,1887.56,1834.08,1872.57,118094.753441
2023-05-10,1872.54,1879.69,1785.38,1807.94,211788.666033
2023-05-11,1807.62,1810.38,1737.06,1765.59,126846.966847
2023-05-12,1765.57,1816.76,1742.13,1795.99,87456.442724
2023-05-13,1795.99,1824.27,1785.78,1818.78,57792.284398
2023-05-14,1818.81,1836.31,1784.6,1827.9,92615.302641
2023-05-15,1827.82,1847.94,1796.45,1820.05,79782.217017
2023-05-16,1820.06,1837.37,1783.0,1797.52,65693.25172
2023-05-17,1797.52,1835.3,1794.67,1807.98,71039.981826
2023-05-18,1807.98,1829.84,1771.11,1815.61,75299.00399
2023-05-19,1815.46,1822.84,1806.67,1817.19,22975.736154
2023-05-20,1817.22,1829.28,1802.4,1807.4,35924.857743
2023-05-21,1807.3,1828.0,1792.0,1816.44,50452.268882
2023-05-22,1816.44,1879.78,1813.02,1857.04,98735.729122
2023-05-23,1857.05,1857.67,1775.16,1793.12,98751.909249
2023-05-24,1793.12,1812.63,1758.94,1791.32,80868.829515
2023-05-25,1791.33,1838.0,1791.17,1830.55,66032.479352
2023-05-26,1830.55,1837.6,1812.32,1823.79,28836.435332
2023-05-27,1823.8,1860.0,1817.18,1843.99,38371.030207
2023-05-28,1844.0,1934.34,1839.17,1889.62,109632.950083
2023-05-29,1889.63,1916.78,1873.68,1900.75,44063.666999
2023-05-30,1900.67,1915.0,1845.35,1857.88,82636.804193
2023-05-31,1857.8,1890.0,1838.0,1863.57,56362.416248
2023-06-01,1863.72,1902.72,1847.24,1891.94,74373.498483
2023-06-02,1891.95,1911.16,1886.89,1903.24,33205.855
2023-06-03,1903.24,1914.3,1881.46,1901.54,32493.263439
2023-06-04,1901.55,1913.0,1820.27,1820.57,89335.771019
2023-06-05,1820.58,1845.98,1773.84,1842.05,147340.924104
2023-06-06,1842.06,1898.8,1835.41,1839.29,122418.268113
2023-06-07,1839.27,1861.31,1821.0,1855.85,54992.343995
2023-06-08,1855.84,1856.35,1826.27,1842.12,50360.574581
2023-06-09,1842.03,1845.51,1713.71,1737.7,160885.076208
2023-06-10,1737.52,1773.0,1717.62,1741.29,78730.492936
2023-06-11,1741.28,1778.31,1720.03,1732.08,71850.922739
2023-06-12,1732.08,1767.23,1720.2,1730.43,104113.014946
2023-06-13,1730.42,1751.13,1729.43,1741.1,39334.033115
2023-06-14,1741.11,1747.39,1621.86,1642.27,220917.891659
2023-06-15,1642.27,1688.07,1633.83,1682.42,108382.943545
2023-06-16,1682.53,1777.0,1677.8,1728.18,154465.189551
2023-06-17,1728.02,1742.99,1720.35,1738.11,31121.411313
2023-06-18,1738.11,1748.0,1712.69,1721.67,43314.276113
2023-06-19,1721.67,1752.44,1700.0,1732.28,80678.833012
2023-06-20,1732.58,1858.78,1728.26,1850.21,194709.626012
2023-06-21,1850.09,1933.31,1846.44,1877.28,151055.299858
2023-06-22,1877.28,1922.46,1861.5,1917.85,80575.225615
2023-06-23,1917.62,1937.15,1868.99,1874.23,87059.477792
2023-06-24,1874.23,1930.0,1864.36,1886.33,89618.74688
2023-06-25,1886.33,1909.0,1864.76,1889.45,91918.58376
2023-06-26,1889.44,1896.03,1836.59,1871.33,105611.579307
2023-06-27,1871.33,1912.23,1845.5,1859.79,95487.913593
2023-06-28,1859.8,1880.37,1816.15,1851.95,87822.025791
2023-06-29,1851.95,1914.1,1823.7,1852.29,180587.284208
2023-06-30,1852.29,1946.86,1849.02,1922.47,132682.270227
2023-07-01,1922.48,1927.77,1884.59,1918.42,60988.666121
2023-07-02,1918.42,1976.6,1901.76,1968.13,134579.531867
2023-07-03,1968.16,1974.88,1945.68,1954.42,68436.317657
2023-07-04,1954.42,1965.17,1893.37,1902.85,78546.600567
2023-07-05,1902.85,1957.85,1865.0,1888.22,122126.491122
2023-07-06,1888.25,1894.16,1825.2,1872.15,92230.630689
2023-07-07,1872.16,1875.05,1855.0,1859.45,32412.009606
2023-07-08,1859.46,1879.45,1842.58,1866.2,41499.556412
2023-07-09,1866.19,1874.05,1846.76,1871.0,46711.624201
2023-07-10,1871.16,1905.44,1862.5,1871.65,81086.104873
2023-07-11,1871.66,1901.57,1865.52,1883.66,64949.427824
2023-07-12,1883.61,1943.0,1863.0,1932.49,86287.445245
2023-07-13,1932.5,2029.07,1930.77,1998.35,211664.915193
2023-07-14,1998.35,2001.0,1897.38,1934.77,116990.441779
2023-07-15,1934.77,1943.2,1913.47,1937.0,38816.49328
2023-07-16,1937.01,1939.2,1891.6,1908.53,66666.275766
2023-07-17,1908.54,1920.21,1873.21,1897.34,83554.999392
2023-07-18,1897.31,1923.42,1875.43,1906.11,60160.654362
2023-07-19,1906.14,1928.82,1882.35,1888.61,78514.587441
2023-07-20,1888.61,1901.57,1878.04,1891.35,45766.819586
2023-07-21,1891.35,1905.8,1884.09,1888.7,34973.347367
2023-07-22,1888.7,1890.56,1846.88,1873.95,62566.665062
2023-07-23,1873.96,1905.25,1831.1,1843.39,87203.069612
2023-07-24,1843.39,1868.58,1839.1,1857.97,29230.671846
2023-07-25,1857.98,1867.06,1848.5,1860.73,31136.307068
2023-07-26,1860.74,1887.74,1855.21,1868.89,75350.38592
2023-07-27,1868.89,1883.76,1855.2,1875.31,39622.952083
2023-07-28,1875.31,1879.75,1866.34,1872.69,15729.819685
2023-07-29,1872.69,1886.6,1871.4,1876.37,19197.867275
2023-07-30,1876.37,1879.16,1849.0,1857.58,49110.067743
2023-07-31,1857.58,1864.55,1810.0,1834.9,93753.357022
2023-08-01,1834.98,1879.44,1830.15,1842.66,74501.693038
2023-08-02,1842.65,1849.82,1820.0,1840.53,52289.630041
2023-08-03,1840.53,1859.3,1828.36,1847.26,45086.935395
2023-08-04,1847.27,1848.6,1815.14,1833.8,35568.160932
2023-08-05,1833.8,1839.0,1826.15,1829.42,17246.562907
2023-08-06,1829.42,1847.17,1814.06,1818.52,43944.234363
2023-08-07,1818.52,1848.76,1802.3,1843.26,73305.372575
2023-08-08,1843.26,1876.57,1842.99,1853.24,61114.405037
2023-08-09,1853.24,1865.84,1846.27,1853.79,34306.427288
2023-08-10,1853.8,1857.68,1843.31,1845.9,27254.800957
2023-08-11,1845.9,1853.75,1838.43,1850.95,20664.094788
2023-08-12,1850.95,1852.86,1846.39,1848.24,11743.938236
2023-08-13,1848.24,1861.85,1835.0,1853.56,45056.127814
2023-08-14,1853.57,1855.76,1838.04,1840.77,25862.769127
2023-08-15,1840.77,1842.51,1813.24,1820.79,63192.507637
2023-08-16,1820.63,1829.06,1718.16,1739.66,151006.397514
2023-08-17,1739.58,1748.88,1470.53,1660.6,392902.921863
2023-08-18,1660.61,1684.52,1638.26,1683.62,92829.595077
2023-08-19,1683.46,1697.97,1662.2,1671.24,99157.753099
2023-08-20,1671.24,1694.56,1648.76,1657.88,55221.221067
2023-08-21,1657.85,1677.06,1645.68,1650.17,36279.59747
2023-08-22,1650.03,1659.99,1576.69,1657.39,159398.611539
2023-08-23,1657.39,1703.0,1642.16,1643.39,85114.309092
2023-08-24,1643.39,1677.98,1635.0,1646.7,84133.508498
2023-08-25,1646.27,1655.74,1635.62,1651.66,23846.681436
2023-08-26,1651.66,1660.0,1644.27,1655.52,15002.040852
2023-08-27,1655.52,1664.32,1618.91,1648.5,61349.881349
2023-08-28,1648.58,1736.66,1638.42,1715.81,149158.975067
2023-08-29,1715.81,1746.68,1694.83,1703.77,92578.350082
2023-08-30,1703.77,1729.64,1677.1,1689.12,70756.633749
2023-08-31,1689.13,1689.13,1621.24,1634.84,113205.199629
2023-09-01,1634.84,1645.21,1602.07,1639.02,64631.546344
2023-09-02,1639.02,1641.01,1628.55,1633.09,28655.426574
2023-09-03,1633.09,1648.45,1618.68,1626.05,45591.097153
2023-09-04,1626.2,1648.11,1609.92,1636.77,58746.517644
2023-09-05,1636.77,1643.21,1619.37,1623.36,37144.664302
2023-09-06,1623.37,1672.19,1608.75,1630.71,99066.911414
2023-09-07,1630.7,1660.55,1616.58,1628.6,92358.213459
2023-09-08,1628.6,1639.0,1624.71,1635.28,21995.336372
2023-09-09,1635.28,1637.54,1610.0,1619.71,30218.179545
2023-09-10,1619.71,1628.26,1548.54,1562.59,157345.677522
2023-09-11,1562.51,1626.51,1531.0,1603.82,134966.923668
2023-09-12,1603.83,1622.75,1581.58,1608.4,88241.858029
2023-09-13,1608.4,1644.18,1595.72,1634.52,72404.527812
2023-09-14,1634.74,1644.47,1611.21,1619.4,51767.048189
2023-09-15,1619.41,1654.2,1617.52,1634.47,50872.124566
2023-09-16,1634.47,1639.32,1619.57,1629.51,30245.717774
2023-09-17,1629.51,1669.0,1601.65,1655.4,92142.536232
2023-09-18,1655.4,1661.04,1626.58,1656.82,64058.303539
2023-09-19,1656.83,1659.54,1618.0,1629.07,60814.651597
2023-09-20,1629.06,1640.47,1567.44,1583.82,126725.169329
2023-09-21,1583.78,1602.68,1576.58,1593.48,36218.212519
2023-09-22,1593.49,1599.55,1586.83,1590.64,18610.627803
2023-09-23,1590.64,1596.46,1588.61,1590.81,16301.700761
2023-09-24,1590.81,1601.4,1562.98,1584.43,69189.822502
2023-09-25,1584.51,1599.29,1580.23,1583.15,42034.023034
2023-09-26,1583.03,1634.37,1581.94,1601.3,83661.057285
2023-09-27,1601.7,1654.59,1583.19,1652.49,108901.532488
2023-09-28,1652.39,1688.0,1642.8,1672.34,152729.763469
2023-09-29,1672.34,1694.42,1656.82,1683.34,41397.491984
2023-09-30,1683.34,1692.59,1663.88,1683.72,39074.809348
2023-10-01,1683.72,1785.0,1668.13,1692.26,133794.265336
2023-10-02,1692.01,1693.87,1632.8,1648.38,94940.473995
2023-10-03,1648.38,1659.87,1618.0,1632.8,55032.802192
2023-10-04,1632.81,1655.21,1605.8,1618.4,58931.9788
2023-10-05,1618.22,1649.77,1607.12,1642.67,68503.566341
2023-10-06,1642.68,1662.99,1634.45,1638.61,31541.848562
2023-10-07,1638.74,1641.61,1616.42,1631.18,37678.841936
2023-10-08,1631.18,1638.8,1580.7,1586.11,97006.71007
2023-10-09,1586.11,1594.73,1544.14,1567.77,182021.661329
2023-10-10,1567.69,1578.56,1543.2,1559.4,87022.457728
2023-10-11,1559.94,1569.45,1534.2,1541.37,88759.481666
2023-10-12,1541.66,1554.65,1518.32,1539.53,79540.177097
2023-10-13,1539.53,1576.37,1539.51,1556.5,43339.250314
2023-10-14,1556.21,1562.47,1548.05,1553.91,19854.131907
2023-10-15,1553.81,1644.46,1550.46,1577.64,190356.848967
2023-10-16,1577.65,1604.95,1564.33,1575.48,68380.295466
2023-10-17,1575.6,1585.88,1550.1,1570.01,67503.034311
2023-10-18,1570.01,1574.84,1541.33,1561.02,56381.640473
2023-10-19,1561.01,1630.77,1559.8,1605.49,105316.679897
2023-10-20,1605.48,1629.59,1592.14,1628.73,39925.629098
2023-10-21,1628.56,1648.0,1620.2,1625.66,70817.65195
2023-10-22,1625.85,1705.97,1624.26,1676.55,128319.375325
2023-10-23,1676.53,1854.73,1670.99,1778.08,373977.961932
2023-10-24,1778.35,1819.2,1756.28,1806.43,152755.385714
2023-10-25,1806.43,1868.0,1766.8,1778.04,189179.085353
2023-10-26,1777.92,1811.56,1761.0,1782.99,103310.040479
2023-10-27,1782.91,1803.22,1741.27,1790.71,82088.020613
2023-10-28,1790.72,1800.91,1762.49,1792.5,47914.948378
2023-10-29,1792.5,1831.32,1778.0,1819.73,102411.037178
2023-10-30,1819.73,1819.73,1778.0,1791.63,108706.664576
2023-10-31,1791.76,1829.2,1783.15,1792.3,105483.659553
2023-11-01,1792.36,1874.3,1791.78,1803.17,197542.97478
2023-11-02,1803.17,1813.57,1776.47,1812.17,110165.677146
2023-11-03,1812.33,1847.84,1798.78,1831.56,102945.560798
2023-11-04,1831.55,1900.05,1830.93,1874.42,134257.468995
2023-11-05,1874.2,1914.6,1853.52,1901.59,175280.11504
2023-11-06,1901.49,1907.54,1858.0,1863.54,126913.390343
2023-11-07,1863.4,1906.99,1850.2,1889.09,105942.851742
2023-11-08,1889.08,2051.96,1882.28,2035.02,309394.700027
2023-11-09,2034.94,2136.68,1971.81,2089.92,404585.649954
2023-11-10,2089.92,2103.2,2026.66,2068.01,151000.229807
2023-11-11,2068.01,2089.8,2011.4,2057.15,99354.687599
2023-11-12,2057.14,2107.2,2028.41,2105.21,170673.354996
2023-11-13,2104.81,2117.85,2020.0,2038.08,178170.464586
2023-11-14,2038.13,2053.85,1912.5,2021.02,213304.525391
2023-11-15,2021.56,2091.0,1979.28,1995.2,236959.968419
2023-11-16,1995.21,2014.56,1912.71,1918.6,204033.081255
2023-11-17,1918.6,1967.01,1904.78,1952.7,150541.047856
2023-11-18,1952.71,1971.05,1943.21,1967.0,113191.025241
2023-11-19,1967.01,2049.74,1966.02,2042.2,184147.318227
2023-11-20,2042.07,2066.99,1951.23,1987.99,217155.197141
2023-11-21,1987.98,2044.26,1928.74,2033.6,297437.710612
2023-11-22,2034.3,2092.14,2027.31,2042.01,201048.121139
2023-11-23,2042.01,2134.3,2040.03,2116.58,171106.499802
2023-11-24,2116.58,2125.66,2058.89,2077.96,124417.127016
2023-11-25,2077.96,2094.59,2061.45,2064.86,95451.309923
2023-11-26,2064.85,2083.2,2000.11,2002.91,190164.044597
2023-11-27,2002.92,2041.65,1985.72,2036.41,127573.155526
2023-11-28,2036.69,2076.54,2020.02,2031.32,130141.05773
2023-11-29,2031.33,2052.4,2018.64,2033.32,81596.777275
2023-11-30,2033.09,2111.6,2028.58,2080.04,149699.899542
2023-12-01,2080.03,2110.0,2078.18,2104.4,86103.466713
2023-12-02,2104.11,2195.55,2097.43,2160.78,175814.190126
2023-12-03,2160.82,2275.6,2152.0,2211.98,278398.934546
2023-12-04,2211.82,2254.2,2187.98,2228.45,166488.63654
2023-12-05,2228.44,2312.0,2219.85,2252.26,253927.648648
2023-12-06,2252.53,2330.6,2219.0,2321.6,144423.584115
2023-12-07,2321.61,2392.68,2315.92,2345.82,182016.685643
2023-12-08,2345.64,2402.56,2337.11,2362.63,116818.835228
2023-12-09,2362.63,2365.51,2322.08,2352.18,66258.07714
2023-12-10,2352.08,2377.49,2121.01,2219.19,233508.770864
2023-12-11,2219.27,2244.11,2156.1,2193.12,182612.707192
2023-12-12,2193.01,2225.73,2145.27,2217.66,162785.019288
2023-12-13,2217.66,2317.71,2201.12,2275.0,223325.30166
2023-12-14,2275.0,2332.0,2224.56,2231.44,150100.948015
2023-12-15,2231.45,2259.22,2192.0,2256.68,90426.332163
2023-12-16,2256.94,2263.33,2200.22,2221.72,64808.290249
2023-12-17,2221.91,2248.93,2115.54,2155.18,147154.49578
2023-12-18,2155.18,2254.89,2149.53,2191.36,137587.956061
2023-12-19,2191.36,2266.0,2136.0,2247.17,162204.539507
2023-12-20,2247.16,2279.5,2156.54,2232.79,206097.356846
2023-12-21,2232.84,2342.66,2217.44,2319.63,233020.07562
2023-12-22,2319.49,2341.9,2264.89,2285.52,108726.755069
2023-12-23,2285.52,2325.85,2273.58,2293.13,85727.099573
2023-12-24,2293.19,2304.94,2241.2,2286.58,94348.750207
2023-12-25,2286.59,2288.81,2216.42,2228.98,133833.141206
2023-12-26,2228.99,2355.33,2178.74,2341.99,180077.782148
2023-12-27,2342.19,2445.8,2334.25,2359.02,239343.056196
2023-12-28,2359.01,2385.27,2310.43,2326.48,185856.835226
2023-12-29,2326.48,2333.01,2255.01,2313.05,144531.657544
2023-12-30,2313.04,2322.69,2275.5,2298.99,96599.787813
2023-12-31,2298.9,2318.16,2256.01,2314.75,71895.44234
2024-01-01,2314.81,2430.68,2306.29,2357.5,156064.603948
2024-01-02,2357.5,2385.0,2051.76,2240.02,380199.191016
2024-01-03,2240.4,2286.4,2186.65,2277.11,171680.330609
2024-01-04,2277.18,2296.0,2211.9,2225.16,143803.434422
2024-01-05,2225.16,2277.6,2206.0,2246.37,107455.685946
2024-01-06,2246.38,2257.64,2222.24,2230.79,54558.653843
2024-01-07,2230.73,2284.59,2166.0,2269.96,159744.853658
2024-01-08,2269.96,2358.5,2220.0,2256.99,192678.438628
2024-01-09,2257.0,2461.92,2243.64,2449.49,369030.515166
2024-01-10,2449.49,2688.88,2401.0,2613.79,475134.0453
2024-01-11,2613.78,2717.43,2570.26,2647.62,297780.14788
2024-01-12,2647.61,2690.0,2458.02,2563.8,281495.831876
2024-01-13,2563.81,2590.12,2523.4,2537.59,118765.480988
2024-01-14,2537.65,2549.0,2469.27,2514.88,148103.199733
2024-01-15,2514.87,2571.0,2499.99,2559.41,90908.510121
2024-01-16,2559.49,2613.58,2532.85,2539.17,101070.868506
2024-01-17,2539.28,2549.09,2503.71,2525.6,88802.871542
2024-01-18,2525.6,2525.8,2427.0,2462.95,135605.212795
2024-01-19,2462.96,2504.59,2415.27,2464.03,93604.67229
2024-01-20,2464.04,2482.57,2454.17,2468.16,31934.800848
2024-01-21,2468.16,2478.66,2353.49,2379.63,121216.816196
2024-01-22,2379.82,2385.35,2168.01,2219.52,223023.963854
2024-01-23,2219.52,2264.4,2180.79,2234.43,117176.712642
2024-01-24,2234.57,2244.69,2181.71,2188.27,84068.555548
2024-01-25,2188.27,2265.61,2171.32,2257.92,108244.241761
2024-01-26,2257.93,2283.28,2250.72,2270.32,57735.067422
2024-01-27,2270.5,2308.6,2261.14,2270.17,48951.516774
2024-01-28,2270.16,2278.17,2233.09,2275.9,57828.406544
2024-01-29,2275.89,2347.44,2265.22,2341.04,96730.873944
2024-01-30,2341.04,2392.91,2280.39,2329.46,104212.557584
2024-01-31,2329.45,2350.39,2239.0,2288.73,100589.633712
2024-02-01,2288.78,2324.79,2267.82,2313.79,62956.273975
2024-02-02,2313.79,2330.64,2286.2,2303.7,41589.608841
2024-02-03,2303.71,2313.33,2286.28,2301.96,33131.08301
2024-02-04,2301.97,2338.47,2263.78,2298.21,73374.071357
2024-02-05,2298.21,2349.22,2283.33,2343.73,69528.442493
2024-02-06,2343.74,2392.54,2340.52,2369.54,66423.870641
2024-02-07,2369.58,2463.8,2368.66,2453.88,88541.508623
2024-02-08,2453.88,2526.0,2413.46,2494.82,119384.76573
2024-02-09,2494.88,2523.16,2471.12,2490.51,60586.612273
2024-02-10,2490.49,2539.81,2483.14,2509.0,46999.567518
2024-02-11,2508.92,2563.02,2472.0,2557.87,68182.643447
2024-02-12,2557.87,2686.66,2536.38,2630.95,188867.306794
2024-02-13,2630.96,2772.0,2592.63,2749.53,124911.292051
2024-02-14,2749.42,2867.53,2726.74,2826.2,139462.330698
2024-02-15,2826.39,2857.46,2737.0,2775.95,130387.619133
2024-02-16,2775.99,2810.0,2718.17,2754.55,82170.131515
2024-02-17,2754.55,2822.98,2742.69,2807.26,67447.087477
2024-02-18,2807.26,2931.19,2793.38,2909.02,129104.641794
2024-02-19,2909.02,3004.99,2871.82,2925.26,191513.23989
2024-02-20,2925.28,3034.26,2868.0,2914.82,213515.908468
2024-02-21,2914.83,3032.76,2886.19,2987.22,202909.133323
2024-02-22,2987.21,3037.61,2913.0,2916.05,143922.9896
2024-02-23,2916.05,2969.13,2906.0,2955.58,64066.821647
2024-02-24,2955.58,3074.56,2955.57,3043.7,111540.417456
2024-02-25,3043.72,3147.47,3026.41,3146.57,174431.044549
2024-02-26,3146.56,3288.59,3126.91,3229.87,228175.14132
2024-02-27,3229.88,3376.53,3203.85,3349.08,174570.745122
2024-02-28,3349.07,3523.8,3168.63,3468.06,329683.814555
2024-02-29,3468.06,3470.49,3300.0,3390.89,172255.433973
2024-03-01,3391.01,3460.66,3380.3,3418.18,116292.059084
2024-03-02,3418.18,3447.29,3359.2,3422.18,101605.805949
2024-03-03,3422.17,3568.04,3418.01,3559.43,169138.05874
2024-03-04,3559.38,3821.99,3528.38,3782.56,249204.76067
2024-03-05,3782.69,3903.4,3179.08,3790.83,472059.313672
2024-03-06,3791.01,3893.61,3734.98,3836.87,135548.503969
2024-03-07,3836.92,3995.0,3813.68,3900.92,149597.349223
2024-03-08,3900.93,3977.01,3811.62,3917.14,111059.420073
2024-03-09,3917.15,3964.15,3859.42,3883.86,92061.739997
2024-03-10,3883.86,4065.0,3721.38,4020.0,183351.970132
2024-03-11,4020.01,4092.66,3944.4,3988.23,214358.227485
2024-03-12,3988.33,4081.25,3828.45,3963.22,174005.062143
2024-03-13,3963.22,4021.63,3821.0,3845.2,155101.239754
2024-03-14,3845.29,3934.54,3566.0,3689.44,314748.931713
2024-03-15,3689.45,3805.9,3607.54,3679.22,148314.388462
2024-03-16,3679.52,3680.0,3412.8,3627.78,253284.560808
2024-03-17,3627.99,3679.49,3485.52,3525.19,154416.867773
2024-03-18,3525.19,3563.63,3202.4,3302.98,322991.236505
2024-03-19,3303.38,3397.47,3055.0,3293.15,345992.961689
2024-03-20,3293.08,3586.48,3142.0,3497.69,267248.235559
2024-03-21,3498.03,3546.27,3281.0,3349.24,210521.633611
2024-03-22,3349.58,3423.2,3248.0,3405.47,149204.977587
2024-03-23,3405.47,3435.06,3299.71,3397.45,81067.036538
2024-03-24,3397.6,3587.5,3333.65,3580.9,129503.740504
2024-03-25,3580.91,3679.0,3545.0,3593.26,150424.503081
2024-03-26,3593.38,3667.11,3494.78,3514.16,140571.564186
2024-03-27,3514.21,3611.63,3460.4,3579.31,118106.839217
2024-03-28,3579.38,3584.38,3481.0,3488.42,97505.279664
2024-03-29,3488.42,3565.68,3473.05,3536.2,71644.87816
2024-03-30,3536.4,3638.84,3485.09,3617.28,76347.089542
2024-03-31,3617.29,3655.63,3436.59,3443.78,129143.877621
2024-04-01,3443.78,3515.3,3231.0,3240.1,214643.535229
2024-04-02,3240.37,3364.57,3201.36,3328.61,162638.48769
2024-04-03,3328.61,3395.4,3251.0,3364.1,112649.299167
2024-04-04,3364.18,3443.98,3207.14,3326.35,177966.002057
2024-04-05,3326.59,3362.1,3305.54,3335.62,58429.27247
2024-04-06,3335.62,3422.5,3331.09,3389.71,63171.466073
2024-04-07,3389.72,3671.79,3367.74,3629.58,164854.465889
2024-04-08,3629.59,3730.72,3478.33,3529.48,173390.869722
2024-04-09,3529.88,3555.13,3410.0,3478.73,140002.858996
2024-04-10,3478.41,3617.79,3469.02,3508.8,116692.293051
2024-04-11,3508.21,3552.8,3437.72,3440.71,90790.848618
2024-04-12,3440.71,3454.25,3060.0,3272.19,295813.79626
2024-04-13,3272.01,3279.78,2791.53,3055.01,503690.944142
2024-04-14,3055.77,3278.18,2978.14,3162.67,217989.906548
2024-04-15,3163.13,3179.68,2986.0,3009.6,222345.893837
2024-04-16,3009.19,3123.99,2926.2,2946.02,161717.588602
2024-04-17,2946.02,3094.2,2914.0,3069.22,162579.833239
2024-04-18,3069.23,3129.3,2864.61,3081.0,212750.818448
2024-04-19,3081.0,3114.97,3017.82,3109.47,76167.754198
2024-04-20,3109.61,3197.15,3087.21,3159.1,63232.004815
2024-04-21,3159.38,3236.83,3116.2,3183.59,86898.45099
2024-04-22,3183.58,3264.0,3151.77,3225.69,84815.781441
2024-04-23,3225.93,3293.78,3168.0,3175.48,96042.474031
2024-04-24,3175.48,3193.74,3072.0,3159.81,235246.209421
2024-04-25,3159.76,3191.7,3102.04,3117.52,88567.530764
2024-04-26,3117.8,3166.52,3067.16,3144.41,70231.626253
2024-04-27,3144.8,3339.95,3142.49,3320.8,125648.256329
2024-04-28,3320.81,3367.84,3115.22,3182.19,151194.27318
2024-04-29,3182.4,3251.4,2965.01,2993.89,164866.550987
2024-04-30,2994.17,3030.0,2816.15,2885.8,209056.637176
2024-05-01,2885.61,3016.0,2868.4,2990.21,174512.493684
2024-05-02,2990.12,3086.11,2958.15,3075.19,120792.471359
2024-05-03,3075.91,3168.68,3062.5,3126.43,70041.720348
2024-05-04,3126.49,3172.58,3071.51,3160.01,65381.606106
2024-05-05,3160.37,3221.97,3055.47,3089.66,97981.234322
2024-05-06,3089.66,3130.32,3020.0,3071.38,87967.722041
2024-05-07,3071.42,3079.6,2978.27,3007.39,81905.061674
2024-05-08,3007.39,3024.15,2936.0,3006.12,62454.088321
2024-05-09,3006.12,3059.58,2905.73,2918.4,77136.424858
2024-05-10,2918.75,2946.26,2876.01,2925.99,64759.800177
2024-05-11,2926.16,2943.99,2901.6,2938.02,28999.166935
2024-05-12,2938.02,2996.8,2863.81,2961.32,87831.664792
2024-05-13,2961.73,2978.18,2869.95,2898.58,77339.749309
2024-05-14,2898.59,2992.5,2861.01,2976.78,75046.912136
2024-05-15,2976.62,3041.58,2931.12,2956.91,102606.542419
2024-05-16,2956.91,3118.0,2922.5,3111.92,109461.211638
2024-05-17,3111.78,3146.97,3067.41,3111.32,53777.79943
2024-05-18,3111.32,3136.99,3063.26,3077.35,41295.5385
2024-05-19,3077.42,3140.0,3048.02,3118.2,54327.608567
2024-05-20,3118.78,3836.08,3110.59,3777.78,418926.845494
2024-05-21,3777.78,3842.32,3653.47,3761.46,204817.14697
2024-05-22,3761.45,3948.05,3700.22,3813.46,225427.47952
2024-05-23,3813.45,3905.51,3523.77,3693.8,350897.902972
2024-05-24,3693.98,3779.5,3655.37,3744.49,58931.223643
2024-05-25,3744.49,3875.65,3730.11,3832.58,58789.23814
2024-05-26,3832.79,3980.0,3817.79,3964.03,119438.500748
2024-05-27,3963.8,3974.4,3822.5,3860.91,115331.756305
2024-05-28,3861.1,3888.88,3750.65,3760.56,104485.574281
2024-05-29,3760.12,3802.0,3703.13,3776.45,79420.86763
2024-05-30,3776.29,3851.8,3719.01,3744.71,82565.548851
2024-05-31,3744.71,3814.66,3722.33,3798.83,63043.930972
2024-06-01,3798.83,3838.14,3769.99,3799.56,36078.809871
2024-06-02,3799.57,3851.33,3752.5,3796.73,70611.322455
2024-06-03,3796.91,3818.3,3729.57,3810.79,69538.759289
2024-06-04,3810.98,3840.44,3776.85,3813.19,79615.207985
2024-06-05,3813.19,3887.09,3796.4,3844.61,56109.46818
2024-06-06,3844.61,3855.56,3758.8,3800.8,67605.823707
2024-06-07,3800.81,3808.26,3568.0,3686.81,128127.586401
2024-06-08,3686.82,3712.74,3666.89,3690.61,35368.775674
2024-06-09,3690.61,3727.33,3644.0,3702.0,36466.892239
2024-06-10,3702.3,3705.86,3429.8,3446.91,150556.748228
2024-06-11,3446.91,3657.31,3432.0,3618.37,108884.312565
2024-06-12,3618.59,3625.23,3433.09,3442.97,117030.769049
2024-06-13,3442.74,3532.27,3427.89,3461.54,60898.785149
2024-06-14,3461.55,3594.62,3362.43,3565.55,118386.171257
2024-06-15,3565.55,3612.98,3536.3,3591.76,46252.13389
2024-06-16,3591.76,3654.82,3485.0,3497.19,85825.376165
2024-06-17,3496.99,3577.99,3350.0,3423.8,128580.716886
2024-06-18,3424.41,3584.93,3386.63,3529.58,94520.064911
2024-06-19,3529.58,3625.19,3491.66,3506.88,98349.487726
2024-06-20,3506.84,3542.19,3446.45,3492.67,82003.493636
2024-06-21,3492.61,3547.35,3470.81,3505.69,36878.087541
2024-06-22,3505.7,3521.69,3471.91,3475.4,34788.108308
2024-06-23,3475.41,3483.32,3212.33,3280.77,145428.262502
2024-06-24,3280.59,3424.78,3241.71,3418.8,103297.204774
2024-06-25,3419.03,3430.49,3346.35,3361.42,46404.862986
2024-06-26,3361.76,3478.09,3326.42,3452.46,66723.893395
2024-06-27,3452.82,3490.99,3403.57,3413.55,54679.779254
2024-06-28,3413.54,3417.16,3365.74,3394.28,35224.689136
2024-06-29,3394.29,3404.0,3353.02,3399.93,27909.293575
2024-06-30,3399.94,3524.0,3391.49,3474.41,58817.188427
2024-07-01,3474.42,3498.88,3401.51,3416.37,39540.437998
2024-07-02,3416.2,3434.2,3275.0,3304.4,79415.220094
2024-07-03,3304.4,3322.12,3088.38,3138.76,117849.643334
2024-07-04,3139.02,3169.54,2806.0,2991.2,286251.412026
2024-07-05,2991.2,3031.0,2955.02,3020.21,62565.141589
2024-07-06,3020.21,3082.22,2955.2,2971.46,52785.363532
2024-07-07,2971.47,3099.41,2822.14,2968.62,154840.802701
2024-07-08,2969.2,3115.16,2945.22,3067.42,73926.2254
2024-07-09,3067.42,3130.96,3024.1,3122.65,80238.197397
2024-07-10,3122.65,3216.62,3054.24,3118.16,78959.472974
2024-07-11,3118.17,3148.38,3045.8,3131.6,58637.02332
2024-07-12,3131.41,3171.12,3089.79,3155.11,44310.207829
2024-07-13,3155.12,3226.36,3143.93,3191.0,53466.403715
2024-07-14,3190.93,3394.82,3183.33,3367.92,77238.809002
2024-07-15,3367.73,3498.85,3346.31,3476.23,136363.432362
2024-07-16,3476.23,3517.71,3414.2,3437.71,85567.701374
2024-07-17,3437.79,3489.56,3375.98,3389.38,63447.665002
2024-07-18,3389.38,3474.77,3367.37,3464.94,65738.871502
2024-07-19,3464.93,3540.33,3464.39,3503.61,52317.405373
2024-07-20,3503.68,3539.8,3475.97,3499.64,42712.187121
2024-07-21,3499.96,3563.0,3411.0,3457.08,96681.340945
2024-07-22,3457.25,3540.98,3422.59,3454.03,111352.677841
2024-07-23,3454.04,3501.84,3389.0,3415.36,90407.203429
2024-07-24,3415.4,3432.79,3104.28,3142.0,175785.448464
2024-07-25,3142.01,3276.96,3087.01,3254.97,121217.104691
2024-07-26,3254.97,3327.78,3241.6,3281.36,50289.688044
2024-07-27,3281.36,3295.1,3190.31,3268.9,73417.095221
2024-07-28,3268.97,3397.33,3250.0,3308.23,88605.413123
2024-07-29,3308.2,3366.5,3257.4,3321.4,83782.539845
2024-07-30,3321.01,3349.99,3233.09,3302.29,60095.922128
2024-07-31,3302.35,3326.8,3102.41,3116.8,108806.187964
2024-08-01,3116.81,3219.13,2982.93,3039.3,115408.687457
2024-08-02,3039.01,3048.6,2914.22,2942.41,83470.595731
2024-08-03,2942.4,2955.4,2820.01,2827.3,93691.830374
2024-08-04,2827.4,2838.66,2084.69,2450.75,1096759.862286
2024-08-05,2450.66,2555.3,2363.0,2527.53,287545.863042
2024-08-06,2527.36,2552.17,2363.8,2412.86,196306.552311
2024-08-07,2412.9,2527.95,2308.0,2507.19,165890.491419
2024-08-08,2507.2,2725.12,2503.91,2558.42,192272.466919
2024-08-09,2558.41,2645.0,2552.25,2599.6,68279.475042
2024-08-10,2599.79,2720.0,2589.57,2614.15,73513.69592
2024-08-11,2614.15,2722.98,2509.23,2689.46,170604.094738
2024-08-12,2689.2,2750.42,2610.65,2652.0,124844.337656
2024-08-13,2652.01,2784.12,2632.34,2673.91,133568.991211
2024-08-14,2673.91,2680.22,2588.58,2668.39,83597.147251
2024-08-15,2668.3,2675.1,2515.43,2568.98,104102.111789
2024-08-16,2568.91,2631.27,2564.2,2606.69,37612.340575
2024-08-17,2606.7,2687.96,2594.5,2672.19,44351.307335
2024-08-18,2672.2,2678.6,2563.3,2584.61,60128.683737
2024-08-19,2584.51,2695.6,2555.0,2574.84,87617.711973
2024-08-20,2574.81,2618.0,2535.04,2601.63,66331.322136
2024-08-21,2601.86,2664.33,2584.05,2599.59,64685.520315
2024-08-22,2599.58,2699.61,2597.52,2670.89,77926.032395
2024-08-23,2670.81,2799.75,2663.2,2760.8,90132.88909
2024-08-24,2761.2,2820.4,2730.98,2763.79,67890.254624
2024-08-25,2763.8,2792.7,2702.88,2721.59,52237.964307
2024-08-26,2721.5,2732.2,2552.2,2579.01,87897.478064
2024-08-27,2579.0,2592.0,2391.67,2496.41,161483.244611
2024-08-28,2496.4,2595.96,2455.96,2575.84,81258.036685
2024-08-29,2575.99,2585.7,2435.25,2448.8,79832.946314
2024-08-30,2448.8,2542.41,2431.44,2519.31,47929.119133
2024-08-31,2519.4,2529.0,2437.43,2480.99,58357.212206
2024-09-01,2480.84,2538.94,2398.31,2513.37,84067.962609
2024-09-02,2513.38,2565.97,2436.0,2444.2,53854.289436
2024-09-03,2444.21,2470.0,2303.4,2455.2,129195.292023
2024-09-04,2455.12,2490.25,2355.52,2371.41,77209.84824
2024-09-05,2371.3,2409.96,2265.29,2290.09,133054.296231
2024-09-06,2290.42,2311.47,2150.0,2300.61,195069.159767
2024-09-07,2300.61,2310.0,2240.0,2245.38,73380.876186
2024-09-08,2245.39,2340.35,2242.92,2292.21,100543.277023
2024-09-09,2292.59,2382.0,2291.17,2325.07,90005.885202
2024-09-10,2324.87,2400.0,2277.47,2326.03,99623.200025
2024-09-11,2326.01,2392.62,2315.21,2323.2,74919.948994
2024-09-12,2323.21,2412.27,2322.41,2407.89,61835.733587
2024-09-13,2407.89,2466.66,2396.21,2418.83,72763.597657
2024-09-14,2418.84,2431.1,2374.25,2408.8,46747.567173
2024-09-15,2408.8,2409.19,2252.4,2287.17,147694.307894
2024-09-16,2287.59,2394.2,2262.88,2383.78,111177.203356
2024-09-17,2383.78,2389.83,2276.76,2296.15,72542.923582
2024-09-18,2296.14,2452.84,2287.65,2439.92,151487.006306
2024-09-19,2439.95,2571.82,2433.34,2560.09,152795.217763
2024-09-20,2560.33,2587.6,2525.25,2559.79,65263.524091
2024-09-21,2559.8,2633.13,2554.04,2570.64,64524.91138
2024-09-22,2570.63,2687.41,2524.25,2675.59,114894.68714
2024-09-23,2675.59,2703.59,2592.17,2612.98,122076.678586
2024-09-24,2612.99,2674.43,2595.61,2600.79,93283.406339
2024-09-25,2600.79,2664.0,2554.65,2651.95,106538.859801
2024-09-26,2651.95,2699.5,2615.0,2683.76,108344.495586
2024-09-27,2683.76,2728.74,2650.0,2669.94,63277.856273
2024-09-28,2669.95,2684.76,2634.01,2666.2,51324.588978
2024-09-29,2666.21,2673.67,2591.42,2596.38,108020.713346
2024-09-30,2596.39,2659.0,2480.35,2524.52,132414.686911
2024-10-01,2524.53,2531.4,2412.58,2460.47,165114.177793
2024-10-02,2460.59,2478.62,2310.0,2340.5,150669.580432
2024-10-03,2340.61,2418.06,2311.42,2416.95,80285.225261
2024-10-04,2417.0,2441.91,2390.0,2415.0,45581.371164
2024-10-05,2415.01,2458.2,2390.1,2446.83,36075.594128
2024-10-06,2446.81,2521.67,2415.0,2474.37,90804.922949
2024-10-07,2474.38,2481.18,2400.82,2419.49,84833.752726
2024-10-08,2419.21,2473.8,2411.08,2461.19,68293.232299
2024-10-09,2461.2,2462.46,2351.0,2404.64,92315.66722
2024-10-10,2404.61,2454.0,2330.0,2443.8,95055.428867
2024-10-11,2443.81,2483.99,2433.4,2472.89,67078.836509
2024-10-12,2472.99,2491.0,2436.49,2440.42,41588.764995
2024-10-13,2440.43,2643.36,2437.9,2635.3,144823.0636
2024-10-14,2635.3,2689.0,2536.58,2573.31,153974.638194
2024-10-15,2573.45,2647.5,2563.4,2607.59,117004.941785
2024-10-16,2607.59,2648.0,2583.6,2630.59,84781.608778
2024-10-17,2630.6,2663.92,2575.43,2653.39,102861.968008
2024-10-18,2653.39,2675.99,2629.32,2645.67,53733.200206
2024-10-19,2645.67,2720.79,2635.84,2706.49,54628.961352
2024-10-20,2706.49,2769.72,2659.02,2679.35,134030.875064
2024-10-21,2679.36,2684.6,2606.06,2624.01,103639.788507
2024-10-22,2624.01,2644.18,2529.01,2540.39,84980.53821
2024-10-23,2540.4,2562.19,2441.55,2525.91,123638.111766
2024-10-24,2525.9,2566.51,2461.8,2524.8,96211.530895
2024-10-25,2525.0,2536.9,2380.24,2457.61,134260.086454
2024-10-26,2457.62,2508.5,2455.36,2502.08,44120.620682
2024-10-27,2502.1,2544.79,2471.4,2501.02,72307.251636
2024-10-28,2501.09,2650.76,2487.44,2648.31,124404.741127
2024-10-29,2648.3,2723.01,2600.01,2682.9,147101.23067
2024-10-30,2682.9,2695.99,2541.2,2562.61,136579.6925
2024-10-31,2562.61,2587.0,2466.02,2500.11,150417.456002
2024-11-01,2500.1,2538.0,2470.0,2488.79,59891.633493
2024-11-02,2488.79,2497.79,2413.08,2442.75,69071.036723
2024-11-03,2442.74,2491.4,2410.0,2442.8,62021.834631
2024-11-04,2442.93,2480.53,2357.33,2440.85,132908.889138
2024-11-05,2440.96,2666.66,2400.77,2634.21,287430.591341
2024-11-06,2634.21,2880.08,2633.33,2847.49,233361.895384
2024-11-07,2847.78,2956.49,2823.37,2936.8,198933.402131
2024-11-08,2936.89,3059.51,2890.32,3041.22,172331.589781
2024-11-09,3041.0,3237.78,2991.18,3209.49,221185.780541
2024-11-10,3209.55,3258.51,3069.48,3237.35,278924.817259
2024-11-11,3237.34,3444.22,3208.08,3261.47,473053.962508
2024-11-12,3262.05,3327.7,3116.72,3309.47,254499.416673
2024-11-13,3309.47,3331.0,3056.85,3077.61,228624.843429
2024-11-14,3077.62,3184.19,3015.0,3023.7,164576.72638
2024-11-15,3023.61,3220.0,3015.6,3141.02,133769.937991
2024-11-16,3141.02,3185.0,3035.0,3086.37,107199.160174
2024-11-17,3086.75,3157.75,3042.95,3143.81,135382.201775
2024-11-18,3143.52,3224.72,3075.39,3103.94,183675.369346
2024-11-19,3104.7,3159.18,3065.21,3129.6,146189.922559
2024-11-20,3129.59,3371.62,3029.51,3277.21,310956.947509
2024-11-21,3277.2,3426.46,3258.06,3314.01,249954.600781
2024-11-22,3313.88,3500.0,3265.0,3460.47,201122.813813
2024-11-23,3460.75,3470.9,3281.53,3294.33,142971.26776
2024-11-24,3294.33,3537.6,3286.64,3518.0,231607.614375
2024-11-25,3517.99,3546.77,3280.27,3296.61,229653.006996
2024-11-26,3296.61,3573.07,3252.59,3552.2,175849.845243
2024-11-27,3552.21,3685.31,3534.28,3541.98,206597.615664
2024-11-28,3542.07,3645.8,3530.11,3613.8,108441.710254
2024-11-29,3613.8,3726.87,3559.12,3674.29,134652.037109
2024-11-30,3674.29,3746.12,3657.21,3728.07,92368.144853
2024-12-01,3728.07,3760.35,3569.4,3671.39,188451.080588
2024-12-02,3671.6,3681.0,3500.22,3571.47,165993.933343
2024-12-03,3571.47,3854.2,3538.29,3821.08,216557.114934
2024-12-04,3821.09,3956.32,3734.2,3888.0,282751.483855
2024-12-05,3888.01,4040.51,3650.0,3992.99,280774.117343
2024-12-06,3993.0,4087.8,3966.61,4004.57,118482.796651
2024-12-07,4004.58,4024.0,3922.41,3990.93,82534.57582
2024-12-08,3990.94,4016.01,3804.59,3824.34,143093.512445
2024-12-09,3824.39,3865.89,3465.83,3568.21,441226.363104
2024-12-10,3568.22,3821.75,3515.86,3787.0,242112.922045
2024-12-11,3787.19,3987.89,3753.12,3958.13,203757.387458
2024-12-12,3958.58,3986.0,3836.0,3885.63,167694.325897
2024-12-13,3885.62,3946.93,3846.7,3888.67,100642.126319
2024-12-14,3888.61,3911.82,3825.11,3894.72,93748.75655
2024-12-15,3894.72,4025.0,3843.43,3941.41,181601.795863
2024-12-16,3941.53,4108.12,3916.47,3938.66,205162.379142
2024-12-17,3938.66,3984.77,3803.46,3868.24,160118.384139
2024-12-18,3868.24,3907.61,3541.68,3614.0,341910.625498
2024-12-19,3613.73,3637.18,3101.09,3374.35,685150.070445
2024-12-20,3374.58,3555.53,3346.46,3390.6,224077.398993
2024-12-21,3390.37,3403.0,3274.1,3302.52,135142.369602
2024-12-22,3302.52,3363.58,3216.01,3277.47,198378.032654
2024-12-23,3277.38,3510.4,3271.02,3493.78,175208.208124
2024-12-24,3493.54,3548.99,3432.0,3473.42,131128.851176
2024-12-25,3473.5,3515.0,3328.26,3344.24,117499.239543
2024-12-26,3344.24,3445.0,3303.56,3326.01,142961.525427
2024-12-27,3326.29,3396.0,3307.94,3368.2,75960.676887
2024-12-28,3368.2,3428.37,3354.59,3374.0,51005.930651
2024-12-29,3374.01,3437.0,3305.17,3324.0,129509.171033
2024-12-30,3323.99,3451.56,3309.0,3413.19,155385.768242
2024-12-31,3413.02,3416.59,3314.29,3353.24,79278.589483
2025-01-01,3353.39,3510.41,3322.74,3463.34,109436.329925
2025-01-02,3463.59,3575.8,3422.16,3564.86,107735.872143
2025-01-03,3565.16,3663.0,3565.16,3608.01,114638.648416
2025-01-04,3608.01,3676.0,3593.62,3629.76,60045.670142
2025-01-05,3629.89,3714.0,3610.65,3714.0,101577.725805
2025-01-06,3713.99,3745.12,3410.1,3462.41,200377.87244
2025-01-07,3462.4,3491.66,3307.0,3347.38,174393.52642
2025-01-08,3347.19,3357.72,3208.68,3320.59,180625.063729
2025-01-09,3320.6,3327.99,3157.19,3245.37,188545.582268
2025-01-10,3245.19,3323.16,3218.93,3271.2,69899.998687
2025-01-11,3271.21,3320.7,3224.11,3285.69,41514.260621
2025-01-12,3285.7,3338.65,2910.0,3049.1,233068.289866
2025-01-13,3049.11,3256.61,2986.48,3199.51,150204.648991
2025-01-14,3199.51,3354.0,3172.48,3334.51,110502.940523
2025-01-15,3334.51,3473.99,3265.53,3333.0,171385.951442
2025-01-16,3332.99,3450.66,3268.73,3421.74,147403.044785
2025-01-17,3422.09,3525.94,3226.91,3307.34,224664.633612
2025-01-18,3307.39,3426.54,3130.85,3384.29,330345.46256
2025-01-19,3384.17,3455.0,3142.4,3336.32,498874.933617
2025-01-20,3336.32,3390.09,3203.19,3295.15,293984.630657
2025-01-21,3295.15,3368.09,3267.75,3278.7,120790.671214
2025-01-22,3278.95,3292.73,3182.6,3259.25,113119.283512
2025-01-23,3259.24,3428.53,3194.68,3383.89,191391.631087
2025-01-24,3383.89,3409.77,3269.0,3334.6,91460.915398
2025-01-25,3334.51,3362.16,3292.18,3315.1,53306.809552
2025-01-26,3315.02,3344.8,3020.04,3133.13,192799.49437
2025-01-27,3133.28,3241.01,3046.27,3181.4,106928.046896
2025-01-28,3181.5,3183.36,3039.38,3100.93,88724.001102
2025-01-29,3101.28,3281.11,3054.0,3255.59,138218.482632
2025-01-30,3255.7,3427.86,3213.77,3427.27,158188.505715
2025-01-31,3427.27,3437.38,3224.31,3251.16,134134.215668
2025-02-01,3251.16,3267.46,3050.0,3080.8,174525.081472
2025-02-02,3080.9,3081.81,2100.0,2700.71,1284987.912417
2025-02-03,2700.41,2920.0,2662.5,2777.21,430399.146289
2025-02-04,2777.21,2869.58,2632.85,2773.24,271758.223604
2025-02-05,2773.21,2857.95,2683.74,2705.8,196772.238472
2025-02-06,2705.71,2797.91,2655.18,2722.06,185754.894442
2025-02-07,2722.07,2727.99,2562.12,2605.5,155583.639682
2025-02-08,2605.51,2699.08,2589.74,2653.1,91670.917785
2025-02-09,2653.2,2684.98,2520.12,2658.39,155043.749557
2025-02-10,2658.39,2726.16,2626.29,2662.64,122457.491421
2025-02-11,2662.88,2671.56,2547.02,2606.8,163776.970927
2025-02-12,2607.61,2795.97,2583.34,2647.92,163056.478194
2025-02-13,2647.81,2747.5,2612.88,2734.58,128546.241181
2025-02-14,2734.09,2791.54,2660.0,2690.98,89601.490722
2025-02-15,2690.99,2727.55,2676.77,2694.24,40786.372556
2025-02-16,2694.12,2849.68,2637.12,2756.09,146486.32692
2025-02-17,2755.79,2778.4,2652.13,2673.99,146296.838748
2025-02-18,2674.21,2736.97,2605.67,2697.09,116387.594685
2025-02-19,2697.0,2770.9,2694.7,2712.46,89560.441188
2025-02-20,2712.45,2845.89,2675.3,2723.53,173013.86418
2025-02-21,2723.93,2786.42,2616.89,2776.0,227847.505402
2025-02-22,2775.7,2831.21,2745.05,2782.89,114536.135141
2025-02-23,2782.99,2857.95,2636.45,2659.19,213042.849206
2025-02-24,2659.19,2682.89,2315.32,2409.6,446852.921892
2025-02-25,2410.28,2533.54,2370.0,2428.21,189657.397516
2025-02-26,2428.66,2434.33,2254.0,2323.37,243500.742461
2025-02-27,2323.36,2337.58,2074.99,2223.0,463597.893959
2025-02-28,2223.19,2281.11,2142.06,2173.51,140404.419467
2025-03-01,2173.7,2291.96,2169.09,2229.99,151683.130775
2025-03-02,2230.0,2551.3,2212.84,2287.4,486833.961344
2025-03-03,2287.71,2297.58,2002.6,2074.6,409958.763161
2025-03-04,2074.71,2273.36,1989.0,2186.89,249927.757761
2025-03-05,2186.53,2320.02,2161.53,2257.5,176257.909824
2025-03-06,2257.51,2265.53,2102.09,2209.11,278831.784592
2025-03-07,2209.26,2216.51,2105.0,2181.71,145917.769529
2025-03-08,2181.71,2235.3,2083.9,2097.38,131180.66478
2025-03-09,2096.8,2152.72,1989.63,2017.7,295096.248025
2025-03-10,2017.44,2025.33,1752.82,1914.6,516244.476354
2025-03-11,1914.3,1963.11,1828.42,1869.91,280848.864203
2025-03-12,1869.81,1924.0,1854.0,1875.51,162549.927302
2025-03-13,1875.6,1942.65,1821.42,1921.84,153609.105125
2025-03-14,1922.08,1945.54,1903.19,1937.58,74873.428762
2025-03-15,1937.59,1957.85,1866.66,1895.12,78275.574153
2025-03-16,1895.12,1941.23,1860.35,1919.13,105427.272503
2025-03-17,1919.29,1952.64,1872.17,1880.89,101092.005609
2025-03-18,1881.0,2057.71,1873.34,2049.3,213685.423642
2025-03-19,2049.3,2070.26,1965.52,1972.31,187105.678868
2025-03-20,1972.0,1996.76,1936.61,1950.8,90618.894202
2025-03-21,1950.64,2006.48,1945.74,1986.31,54738.380951
2025-03-22,1986.31,2020.84,1974.16,2007.21,54577.616628
2025-03-23,2007.21,2104.16,1977.69,2089.8,136771.259113
2025-03-24,2089.81,2101.46,2036.96,2067.56,120745.58813
2025-03-25,2067.56,2083.84,2006.62,2012.6,95873.066906
2025-03-26,2012.5,2037.39,1981.21,2005.51,109862.168275
2025-03-27,2005.51,2019.99,1858.47,1872.09,201078.921935
2025-03-28,1872.19,1913.68,1833.05,1840.2,110995.047991
2025-03-29,1840.2,1849.22,1788.33,1813.87,113016.761044
2025-03-30,1813.86,1854.75,1767.06,1842.3,158316.151313
2025-03-31,1842.4,1928.41,1816.25,1918.5,155087.631977
2025-04-01,1918.57,1924.22,1851.86,1901.04,135767.526693
2025-04-02,1901.03,1957.14,1748.12,1782.4,273034.294316
2025-04-03,1782.5,1835.72,1758.98,1794.93,154655.981246
2025-04-04,1795.3,1828.96,1778.22,1782.11,148573.035399
2025-04-05,1782.11,1817.16,1737.73,1759.67,81654.472883
2025-04-06,1759.61,1759.99,1411.13,1556.31,920539.749708
2025-04-07,1556.11,1618.66,1517.93,1531.52,242099.358614
2025-04-08,1531.5,1533.91,1384.28,1485.2,435385.007307
2025-04-09,1485.4,1689.05,1482.08,1496.2,453780.708992
2025-04-10,1496.1,1584.88,1472.28,1565.58,246306.024178
2025-04-11,1565.6,1669.5,1545.45,1655.7,195945.889795
2025-04-12,1655.7,1662.34,1566.0,1586.97,175769.885726
2025-04-13,1586.85,1691.92,1562.0,1627.77,286083.644035
2025-04-14,1628.0,1661.05,1601.04,1620.95,151157.492645
2025-04-15,1621.03,1627.99,1550.71,1590.62,167681.809487
2025-04-16,1590.7,1612.79,1537.0,1583.19,160637.216987
2025-04-17,1583.18,1617.45,1573.57,1583.18,110692.718336
2025-04-18,1583.19,1613.6,1581.74,1607.03,58630.738728
2025-04-19,1607.04,1632.99,1565.87,1573.79,101444.255041
2025-04-20,1573.79,1658.83,1571.61,1623.48,202217.313719
2025-04-21,1623.41,1726.01,1537.43,1703.16,376759.342897
2025-04-22,1703.19,1835.51,1682.93,1794.81,365677.194653
2025-04-23,1794.99,1810.17,1722.93,1764.55,232336.16595
2025-04-24,1764.54,1827.58,1738.78,1806.41,246130.521762
2025-04-25,1806.41,1841.25,1779.21,1800.25,137913.795073
2025-04-26,1800.24,1857.52,1781.1,1793.8,110718.352249
2025-04-27,1793.81,1827.92,1752.02,1763.31,219162.999883
2025-04-28,1763.3,1842.98,1744.74,1815.14,220898.800303
2025-04-29,1815.15,1832.68,1731.41,1764.8,221629.085428
2025-04-30,1764.63,1873.85,1756.4,1853.01,217877.429041
2025-05-01,1853.02,1870.47,1813.0,1841.08,139117.79312
2025-05-02,1841.06,1871.0,1817.52,1834.5,101331.329547
2025-05-03,1834.51,1849.97,1808.8,1830.67,111290.110272
2025-05-04,1830.74,1842.55,1781.42,1801.18,156844.854297
2025-05-05,1801.19,1833.64,1751.45,1770.19,149932.639969
2025-05-06,1770.3,1850.61,1762.14,1817.72,193763.104371
2025-05-07,1817.73,2076.66,1787.16,2051.62,475670.619374
2025-05-08,2051.6,2490.84,2036.31,2301.49,731924.168238
2025-05-09,2301.49,2449.68,2275.0,2433.16,317631.243602
2025-05-10,2433.16,2609.49,2428.61,2462.32,425195.192768
2025-05-11,2462.39,2623.76,2440.01,2487.44,397751.334681
2025-05-12,2487.45,2574.27,2407.09,2565.89,325166.730217
2025-05-13,2565.72,2738.83,2558.95,2597.46,426713.801393
2025-05-14,2597.46,2647.18,2477.77,2564.0,263952.139474
2025-05-15,2563.8,2648.5,2511.44,2595.02,229952.125743
2025-05-16,2595.16,2601.96,2446.0,2474.76,227595.189117
2025-05-17,2474.75,2587.82,2448.61,2579.3,164522.396015
2025-05-18,2579.31,2584.5,2315.89,2466.8,429873.130831
2025-05-19,2466.85,2587.99,2450.85,2482.79,344170.038799
2025-05-20,2482.98,2616.0,2442.0,2567.29,293052.341313
2025-05-21,2567.2,2692.67,2452.03,2664.4,436017.421472
2025-05-22,2664.52,2734.36,2497.27,2568.58,373991.859859
2025-05-23,2568.63,2587.33,2503.25,2555.57,134297.243741
2025-05-24,2555.58,2567.29,2461.14,2511.6,128389.265992
2025-05-25,2511.55,2600.0,2496.11,2565.8,121521.774769
2025-05-26,2565.86,2684.81,2509.3,2668.59,257331.545446
2025-05-27,2668.41,2712.0,2608.52,2627.33,226260.612128
2025-05-28,2627.53,2788.88,2611.52,2643.79,330260.338406
2025-05-29,2643.61,2673.75,2557.65,2598.09,242739.350757
2025-05-30,2598.2,2604.12,2475.63,2536.43,196659.248615
2025-05-31,2536.43,2550.92,2467.75,2523.15,107215.049688
2025-06-01,2523.14,2556.8,2475.0,2544.0,164124.722947
2025-06-02,2544.09,2656.29,2524.8,2623.6,202462.375568
2025-06-03,2623.6,2679.73,2575.19,2667.94,171628.573681
2025-06-04,2667.95,2669.37,2562.63,2589.69,183787.104645
2025-06-05,2589.76,2591.78,2382.0,2509.3,372711.740879
2025-06-06,2509.39,2523.77,2457.15,2519.39,98671.167178
2025-06-07,2519.38,2545.0,2488.79,2514.42,87806.993818
2025-06-08,2514.47,2549.48,2477.83,2533.99,162449.579746
2025-06-09,2533.99,2798.55,2533.99,2733.18,374956.636374
2025-06-10,2733.18,2879.99,2728.46,2865.18,284198.91728
2025-06-11,2865.0,2875.91,2711.85,2719.7,276229.194016
2025-06-12,2719.7,2771.11,2436.0,2551.19,505520.686618
2025-06-13,2551.36,2585.23,2505.24,2519.51,151023.569135
2025-06-14,2519.5,2554.99,2488.17,2541.8,113252.544925
2025-06-15,2541.72,2657.83,2491.82,2632.08,237271.537989
2025-06-16,2632.09,2680.26,2482.0,2498.95,317389.306524
2025-06-17,2498.95,2548.72,2453.56,2509.03,224472.779607
2025-06-18,2509.03,2548.0,2467.25,2492.99,132484.233831
2025-06-19,2493.0,2569.06,2485.13,2494.19,154011.320716
2025-06-20,2494.2,2496.4,2365.0,2423.72,191553.214996
2025-06-21,2423.55,2428.3,2155.55,2175.01,408786.179235
2025-06-22,2175.0,2313.8,2111.0,2248.6,277359.406971
2025-06-23,2248.49,2454.8,2188.41,2438.3,373814.611646
2025-06-24,2438.4,2483.0,2389.8,2405.61,194052.939699
2025-06-25,2405.62,2520.48,2401.37,2433.53,203310.337223
2025-06-26,2433.19,2464.23,2382.27,2438.52,143763.201298
2025-06-27,2438.6,2449.56,2388.0,2436.12,86622.401864
2025-06-28,2436.12,2463.63,2424.6,2436.6,73515.712963
2025-06-29,2436.56,2525.34,2411.05,2474.71,194526.744569
2025-06-30,2474.72,2522.0,2407.0,2423.61,189517.171791
2025-07-01,2423.65,2502.85,2372.67,2498.92,163599.240867
2025-07-02,2498.86,2636.36,2495.32,2570.39,322498.3519
2025-07-03,2570.4,2603.83,2497.34,2500.8,149813.361034
2025-07-04,2500.71,2529.8,2474.4,2507.9,78752.10174
2025-07-05,2507.95,2570.59,2487.9,2558.37,79842.614113
2025-07-06,2558.36,2605.47,2523.93,2533.79,128409.803205
2025-07-07,2533.74,2600.91,2511.22,2564.7,124756.527585
2025-07-08,2564.89,2674.9,2559.56,2656.84,162978.375586
2025-07-09,2656.87,2824.44,2652.2,2769.6,266113.010621
2025-07-10,2769.73,3039.95,2768.85,2951.62,418762.73313
2025-07-11,2951.66,3010.95,2904.39,2916.09,199378.235358
2025-07-12,2916.1,3020.38,2910.55,2992.61,120452.223579
2025-07-13,2992.61,3083.33,2940.0,3012.3,285719.791907
2025-07-14,3012.21,3067.34,2932.73,3039.72,275377.20271
2025-07-15,3039.72,3266.93,3028.61,3244.76,343922.810596
2025-07-16,3244.76,3482.35,3234.37,3420.39,404875.01007
2025-07-17,3420.0,3674.19,3365.63,3563.96,454641.041155
2025-07-18,3563.91,3624.52,3476.34,3552.19,199878.837647
2025-07-19,3552.22,3790.0,3532.75,3785.88,233862.923559
2025-07-20,3785.89,3858.88,3681.93,3810.29,322324.046035
2025-07-21,3810.29,3818.26,3617.1,3717.92,357377.075113
2025-07-22,3718.0,3764.12,3579.11,3644.79,283305.818527
2025-07-23,3644.76,3770.74,3507.02,3730.73,336342.962173
2025-07-24,3730.74,3754.35,3573.72,3634.13,311511.787469
2025-07-25,3634.21,3783.75,3616.18,3736.03,153024.916775
2025-07-26,3736.04,3841.48,3709.15,3819.01,143339.810287
2025-07-27,3819.16,3941.79,3773.0,3807.63,234706.409506
2025-07-28,3807.62,3886.19,3730.59,3761.42,247096.743427
2025-07-29,3761.42,3834.26,3716.51,3797.71,208550.82007
2025-07-30,3797.72,3883.06,3675.98,3788.35,227999.976993
2025-07-31,3788.35,3821.02,3564.44,3616.0,294771.162322
2025-08-01,3616.0,3634.19,3430.02,3459.3,231759.107427
2025-08-02,3459.15,3516.61,3355.27,3476.23,183009.204783
2025-08-03,3476.11,3666.0,3467.37,3648.75,159928.80703
2025-08-04,3648.76,3737.11,3557.08,3570.64,251096.884734
2025-08-05,3570.61,3669.75,3545.0,3664.81,146723.757127
2025-08-06,3664.81,3866.0,3638.37,3836.8,190751.565707
2025-08-07,3836.91,4013.0,3780.55,3954.49,264557.970594
2025-08-08,3954.63,4247.28,3950.27,4209.01,265717.662162
2025-08-09,4209.01,4332.52,4160.07,4217.52,220930.880547
2025-08-10,4217.4,4350.0,4166.07,4329.72,228232.523748
2025-08-11,4329.72,4481.35,4189.0,4472.2,282192.037507
2025-08-12,4472.2,4737.0,4440.56,4664.39,362450.075524
2025-08-13,4664.5,4790.66,4451.16,4618.9,421743.976778
2025-08-14,4619.16,4670.68,4395.26,4431.25,278294.567863
2025-08-15,4431.24,4493.57,4367.66,4400.99,173115.972024
2025-08-16,4400.32,4575.82,4391.0,4561.54,107534.54997
2025-08-17,4561.42,4566.43,4226.03,4345.7,303394.737281
2025-08-18,4345.71,4388.18,4170.0,4191.81,248747.799154
2025-08-19,4191.82,4309.65,4062.66,4255.19,269063.479549
2025-08-20,4254.9,4377.6,4226.26,4243.06,182809.244058
2025-08-21,4243.07,4668.14,4204.02,4616.17,285316.693463
2025-08-22,4616.16,4887.5,4616.16,4750.51,320071.2552
2025-08-23,4750.51,4830.0,4720.14,4798.42,140091.100603
2025-08-24,4798.42,4957.98,4520.74,4612.28,391220.052321
2025-08-25,4612.54,4645.64,4311.48,4518.79,275383.23817
2025-08-26,4519.0,4664.0,4497.99,4657.69,175507.563982
2025-08-27,4657.7,4658.29,4466.99,4504.5,175484.729832
2025-08-28,4504.49,4530.6,4263.85,4316.29,243447.371164
2025-08-29,4316.3,4415.88,4257.36,4376.97,129064.229648
2025-08-30,4376.97,4498.8,4333.18,4484.9,88575.116468
2025-08-31,4484.91,4491.56,4345.99,4362.13,128393.04549
2025-09-01,4361.83,4416.94,4211.11,4295.89,186935.436673
2025-09-02,4295.99,4486.4,4258.0,4479.75,156006.582322
2025-09-03,4479.73,4490.49,4294.41,4305.21,139177.562482
2025-09-04,4305.13,4494.43,4256.14,4283.18,230812.327981
2025-09-05,4283.18,4343.12,4263.46,4270.05,73204.805522
2025-09-06,4270.05,4314.88,4234.07,4299.21,59253.645364
2025-09-07,4299.2,4384.36,4270.34,4371.83,104230.257966
2025-09-08,4371.84,4381.69,4277.01,4285.08,149048.202051
2025-09-09,4285.08,4453.33,4277.71,4404.92,133591.213128
2025-09-10,4404.96,4482.0,4300.05,4412.64,170843.813533
2025-09-11,4412.89,4571.67,4407.59,4542.03,131828.044028
2025-09-12,4542.03,4766.77,4533.33,4654.55,176549.276029
2025-09-13,4654.56,4693.25,4576.49,4582.3,109967.757123
2025-09-14,4582.31,4670.14,4465.1,4500.07,165446.693476
2025-09-15,4500.07,4537.76,4423.32,4467.45,140351.511737
2025-09-16,4467.44,4555.03,4446.54,4489.84,147413.903686
2025-09-17,4489.83,4644.85,4407.0,4599.58,206763.818282
2025-09-18,4599.58,4636.45,4445.55,4475.33,117748.466291
2025-09-19,4475.34,4507.04,4435.12,4498.03,56668.978196
2025-09-20,4498.03,4508.7,4445.0,4482.91,59962.955198
2025-09-21,4482.91,4498.38,4045.01,4168.05,312532.083685
2025-09-22,4168.05,4229.0,4114.28,4180.56,119861.821353
2025-09-23,4180.57,4207.3,4073.91,4165.75,133328.803348
2025-09-24,4165.92,4193.58,3924.0,4002.69,252073.90042
2025-09-25,4002.7,4005.88,3823.43,3945.92,278904.883999
2025-09-26,3945.9,4069.01,3942.75,4018.69,94235.051845
2025-09-27,4018.69,4034.0,3965.83,4021.55,61253.777564
2025-09-28,4021.56,4206.66,4021.56,4165.04,133477.521676
2025-09-29,4165.06,4246.57,4094.54,4120.24,113676.415379
2025-09-30,4120.24,4345.0,4092.45,4327.34,172315.102285
2025-10-01,4327.34,4442.94,4287.55,4437.59,142845.021146
2025-10-02,4437.58,4560.0,4426.0,4535.35,167627.158695
2025-10-03,4535.36,4592.87,4441.82,4455.16,113932.329249
2025-10-04,4455.16,4619.0,4440.61,4532.19,137859.982212
2025-10-05,4532.2,4693.8,4473.04,4673.02,130702.962912
2025-10-06,4672.94,4755.77,4477.61,4512.26,207287.226667
2025-10-07,4512.26,4523.82,4411.23,4447.77,200881.337338
2025-10-08,4447.78,4557.59,4289.99,4314.57,193636.18645
2025-10-09,4314.46,4393.68,4071.01,4103.57,195105.416891
2025-10-10,4102.85,4138.81,3373.67,3825.01,794352.015742
2025-10-11,3825.01,4080.17,3642.1,4034.31,298265.871704
2025-10-12,4034.7,4220.56,4034.7,4135.69,321190.379096
2025-10-13,4135.71,4292.85,3888.41,4085.94,384168.518708
2025-10-14,4086.59,4216.66,3959.0,3981.08,313820.868374
2025-10-15,3981.39,4087.51,3891.69,3907.26,260834.057232
2025-10-16,3907.26,3968.24,3674.0,3797.86,337188.643363
2025-10-17,3797.86,3928.27,3779.26,3877.83,148675.435707
2025-10-18,3878.06,4002.66,3822.8,3979.46,145239.603529
2025-10-19,3979.45,4085.83,3908.99,4004.29,176612.975047
2025-10-20,4004.19,4085.47,3840.19,4082.01,189525.582765
2025-10-21,4082.01,4110.14,3769.0,3841.34,264902.94148
2025-10-22,3841.5,3907.08,3707.56,3877.13,170120.41666
2025-10-23,3877.13,4030.53,3818.83,3889.33,188823.918424
2025-10-24,3889.34,3960.5,3865.92,3933.29,55783.578221
2025-10-25,3933.29,4100.0,3918.6,4074.82,80039.027191
2025-10-26,4074.83,4254.04,4045.83,4173.26,175408.956312
2025-10-27,4173.26,4233.45,4066.0,4097.25,148935.748808
2025-10-28,4097.24,4151.42,3931.03,3952.01,164470.719216
2025-10-29,3952.01,4018.98,3756.88,3773.81,268993.556967
2025-10-30,3773.8,3887.67,3679.0,3860.51,195853.058136
2025-10-31,3860.54,3906.51,3804.63,3894.29,86904.087744
2025-11-01,3894.7,3918.45,3839.0,3853.21,64933.811056
2025-11-02,3853.21,3917.45,3582.22,3588.92,216138.371105
2025-11-03,3588.93,3682.44,3460.26,3507.5,293240.507942
2025-11-04,3507.76,3520.48,3056.01,3397.99,524157.800119
2025-11-05,3397.99,3480.66,3277.2,3300.81,216125.268072
2025-11-06,3300.57,3370.18,3194.0,3297.65,237169.408601
2025-11-07,3297.62,3487.84,3273.87,3377.44,175949.115776
2025-11-08,3377.45,3563.99,3356.04,3515.29,130541.184741
2025-11-09,3515.29,3658.66,3500.44,3519.79,174195.550629
2025-11-10,3519.73,3647.97,3466.88,3481.2,165688.485746
2025-11-11,3481.21,3588.0,3405.14,3428.17,161604.520532
2025-11-12,3428.18,3565.64,3366.66,3387.01,279251.172697
2025-11-13,3387.0,3398.87,3070.32,3196.78,367446.709375
2025-11-14,3196.77,3257.4,3090.0,3185.82,122040.33214
2025-11-15,3185.78,3249.1,3098.85,3105.65,112923.311005
2025-11-16,3105.36,3223.33,3003.01,3120.8,232810.666197
2025-11-17,3120.94,3142.76,2945.78,3106.83,290245.729849
2025-11-18,3106.8,3170.09,2967.03,2973.32,176587.209125
2025-11-19,2973.31,3063.69,2872.78,2955.84,214937.120886
2025-11-20,2955.75,2961.34,2622.87,2705.17,433351.720427
2025-11-21,2705.47,2806.7,2675.3,2738.92,132525.458147
2025-11-22,2738.92,2858.82,2733.33,2836.5,108417.440425
2025-11-23,2836.51,2885.88,2763.18,2846.5,153198.295911
2025-11-24,2846.44,2986.2,2842.69,2895.64,182268.084308
2025-11-25,2895.56,2984.0,2871.8,2927.61,118525.721741
2025-11-26,2927.61,3071.2,2926.41,3011.26,144154.134364
2025-11-27,3011.25,3099.0,2993.9,3073.7,118996.363095
2025-11-28,3073.62,3074.28,2985.0,3007.53,82146.627924
2025-11-29,3007.54,3052.94,2962.0,3028.81,62044.240628
2025-11-30,3028.8,3049.6,2719.43,2745.78,203193.359548
2025-12-01,2745.97,3024.9,2720.0,3006.22,168157.127296
2025-12-02,3006.22,3146.0,2972.97,3086.3,206734.719683
2025-12-03,3086.29,3240.74,3064.46,3208.0,186424.825954
2025-12-04,3208.0,3226.24,3066.73,3106.41,171135.197521
2025-12-05,3106.41,3108.49,2982.62,3041.72,107240.169317
2025-12-06,3041.72,3066.65,2908.0,3026.96,104229.788069
2025-12-07,3026.62,3180.0,2999.48,3101.61,170655.988828
2025-12-08,3101.56,3257.14,3075.25,3245.96,130684.650005
2025-12-09,3245.7,3398.66,3245.68,3328.52,181823.667031
2025-12-10,3328.41,3448.0,3145.01,3179.11,245644.223897
2025-12-11,3179.25,3273.33,3057.23,3071.22,178989.919339
2025-12-12,3071.24,3135.36,3037.58,3109.73,122025.021131
2025-12-13,3109.73,3129.51,3050.0,3084.56,66378.153073
2025-12-14,3084.59,3177.78,2986.4,3011.11,178041.86302
2025-12-15,3011.36,3017.85,2878.18,2963.24,243862.653439
2025-12-16,2963.33,3031.03,2886.67,2904.87,163762.15679
2025-12-17,2904.53,2997.65,2790.64,2965.37,240034.238677
2025-12-18,2965.36,3018.79,2775.01,2964.55,272760.113634
2025-12-19,2964.72,3007.76,2935.3,2977.22,88140.006436
2025-12-20,2977.23,3013.7,2944.03,2974.66,64285.535079
2025-12-21,2974.67,3077.98,2967.59,3052.49,118368.802585
2025-12-22,3052.81,3059.58,2897.6,2928.45,160015.516757
2025-12-23,2928.46,2988.14,2888.88,2925.6,133362.576332
2025-12-24,2925.56,2971.34,2912.12,2960.99,63085.666726
2025-12-25,2960.99,2994.44,2891.2,2923.39,136674.666927
2025-12-26,2923.4,2940.36,2907.21,2927.09,39527.747168
2025-12-27,2927.1,2961.15,2917.6,2949.25,40212.490058
2025-12-28,2949.25,3057.16,2910.74,2935.68,166489.400815
2025-12-29,2935.68,3009.92,2913.59,2989.44,138840.195113
2025-12-30,2989.35,3028.57,2944.44,2985.8,79795.203856
2025-12-31,2985.79,2997.97,2957.91,2989.81,47988.444617
2026-01-01,2989.82,3109.54,2980.46,3086.34,112685.731935
2026-01-02,3086.29,3150.0,3075.82,3101.54,93375.314887
2026-01-03,3101.22,3170.52,3098.36,3135.59,57398.978466
2026-01-04,3135.59,3222.0,3119.04,3195.76,115926.537377
2026-01-05,3195.71,3309.05,3159.33,3272.21,128847.464096
2026-01-06,3272.2,3302.28,3144.78,3164.63,124259.334234
2026-01-07,3164.77,3184.3,3055.0,3104.26,124869.860601
2026-01-08,3104.14,3148.2,3058.8,3112.5,82757.675895
2026-01-09,3112.57,3145.75,3065.0,3095.55,38317.39863
2026-01-10,3095.55,3131.06,3078.79,3118.1,22973.693944
2026-01-11,3118.14,3171.62,3066.0,3130.58,114046.226068
2026-01-12,3130.42,3188.8,3084.21,3184.41,104911.372601
2026-01-13,3184.42,3380.0,3171.81,3345.67,216697.221432
2026-01-14,3345.67,3403.36,3276.0,3331.25,178733.241448
2026-01-15,3331.25,3337.6,3253.44,3264.51,114692.590741
2026-01-16,3264.5,3330.0,3260.08,3329.79,57398.74623
2026-01-17,3329.79,3347.9,3296.31,3334.01,44739.976792
2026-01-18,3334.01,3369.0,3176.0,3215.96,183420.624809
2026-01-19,3215.96,3227.0,2995.27,3032.84,169977.192992
2026-01-20,3032.85,3043.0,2902.64,3002.62,192330.512685
2026-01-21,3002.62,3069.5,2866.36,2942.24,197733.978822
2026-01-22,2942.07,2984.57,2892.12,2952.52,115415.218154
2026-01-23,2952.64,3019.53,2930.66,2957.17,73618.479694
2026-01-24,2957.18,2968.54,2920.7,2926.95,47296.952815
2026-01-25,2926.95,2951.42,2786.34,2899.5,237249.736831
2026-01-26,2899.5,2957.0,2886.15,2937.6,85798.231779
2026-01-27,2937.6,3046.0,2918.31,3007.83,150919.120842
2026-01-28,3007.89,3038.45,2796.55,2824.55,135803.814389
2026-01-29,2824.54,2860.39,2682.32,2729.47,239602.38123
2026-01-30,2729.37,2761.47,2508.0,2534.34,260280.388984
2026-01-31,2534.31,2551.28,2240.2,2315.85,510467.307275
2026-02-01,2315.89,2396.78,2156.97,2372.66,534625.235516
2026-02-02,2372.71,2387.89,2252.0,2303.32,226713.593297
2026-02-03,2303.36,2345.0,2108.0,2151.96,385652.000379
2026-02-04,2152.01,2197.03,1926.97,1961.0,596848.591523
2026-02-05,1961.01,2018.28,1744.0,1980.66,788467.422609
2026-02-06,1980.66,2119.79,1971.52,2052.58,364212.223203
2026-02-07,2052.58,2145.72,2006.88,2108.61,390304.62037
2026-02-08,2108.64,2152.46,2009.0,2061.7,184658.331854
2026-02-09,2061.56,2148.23,1987.9,2022.75,255585.000277
2026-02-10,2022.8,2047.0,1902.23,1929.11,235361.24625
2026-02-11,1929.22,2001.67,1909.0,1948.8,144109.941038
2026-02-12,1948.81,2050.58,1896.4,2035.07,177576.006738
2026-02-13,2034.81,2107.95,2031.26,2087.51,184087.162649
2026-02-14,2087.51,2103.83,1993.0,2011.64,142437.120851
2026-02-15,2011.61,2023.78,1929.39,1956.61,177288.629246
2026-02-16,1956.76,2008.88,1941.67,1968.75,108620.496352
2026-02-17,1968.78,2039.0,1954.0,1985.46,142305.773831
2026-02-18,1985.46,1987.74,1911.36,1926.53,140024.77107
2026-02-19,1926.47,1980.51,1906.2,1963.97,135093.24261
2026-02-20,1963.83,1996.26,1939.2,1987.95,83358.851944
2026-02-21,1988.06,1995.5,1943.78,1954.05,60010.32505
2026-02-22,1954.06,1962.14,1846.67,1895.61,243548.200986
2026-02-23,1895.61,1900.0,1798.16,1847.35,205259.110109
2026-02-24,1847.36,2028.77,1838.12,2013.73,226333.004296
2026-02-25,2013.84,2150.0,2011.6,2033.32,283676.887238
2026-02-26,2033.33,2063.65,1938.87,1948.65,193075.90473
2026-02-27,1948.64,1948.89,1835.47,1898.67,189629.940029
2026-02-28,1898.67,2055.0,1885.71,1993.34,207686.700545
2026-03-01,1993.35,2065.54,1907.4,2047.7,226079.168376
2026-03-02,2047.73,2090.9,1929.0,1969.46,193748.960803
2026-03-03,1969.17,2157.23,1945.01,2150.26,258237.721687
2026-03-04,2150.25,2200.0,2067.0,2087.09,258390.410316
2026-03-05,2087.09,2099.6,1966.0,1977.74,169534.067386
2026-03-06,1977.73,1996.0,1955.96,1981.07,80395.020077
2026-03-07,1981.08,1983.65,1922.85,1943.06,126536.27611
2026-03-08,1943.06,2032.89,1910.0,2022.34,218092.024644
2026-03-09,2022.46,2086.16,1989.3,2079.7,220976.295256
2026-03-10,2079.66,2088.69,2007.36,2050.05,158397.25275
2026-03-11,2050.05,2095.55,2017.95,2072.43,160586.249849
2026-03-12,2072.34,2209.96,2045.34,2128.06,221973.104793
2026-03-13,2128.16,2143.53,2061.62,2074.72,103596.497399
2026-03-14,2074.7,2124.04,2069.04,2093.84,63545.155548
2026-03-15,2093.84,2308.0,2088.78,2273.37,288363.031201
2026-03-16,2273.37,2387.23,2269.54,2316.24,257266.197297
2026-03-17,2316.19,2350.0,2170.0,2187.77,158568.561026
2026-03-18,2187.76,2234.08,2099.27,2118.88,188773.932105
2026-03-19,2118.89,2176.57,2105.0,2134.01,109871.524476
2026-03-20,2134.02,2168.5,2117.51,2155.48,41394.447814
2026-03-21,2155.49,2157.0,2049.38,2083.2,117525.058695
2026-03-22,2083.2,2198.34,2022.21,2128.6,242047.642461
2026-03-23,2128.55,2178.85,2118.0,2135.17,122484.382016
2026-03-24,2135.12,2199.62,2102.86,2162.53,152405.078582
2026-03-25,2162.5,2186.5,2051.71,2070.46,129573.947813
2026-03-26,2070.44,2080.58,1966.88,1990.98,177555.820073
2026-03-27,1990.88,2046.51,1974.48,2027.19,84682.894523
2026-03-28,2027.2,2030.24,1983.33,1993.08,51215.902523
2026-03-29,1993.15,2085.57,1938.36,2074.66,146677.274046
2026-03-30,2074.55,2092.64,2012.55,2055.0,150381.39972
2026-03-31,2054.82,2158.5,2054.41,2135.07,188877.416834
2026-04-01,2135.01,2168.0,2017.09,2059.51,173797.304066
2026-04-02,2059.52,2082.38,2040.61,2051.4,63946.463954
2026-04-03,2051.41,2062.17,2043.79,2056.29,28188.885902
2026-04-04,2056.29,2084.05,2021.66,2053.84,56133.978279
2026-04-05,2053.85,2174.38,2048.1,2164.75,137201.581165
2026-04-06,2164.75,2168.58,2060.11,2080.61,117366.945721
2026-04-07,2080.51,2273.44,2077.51,2215.62,245329.260447
2026-04-08,2215.62,2239.47,2157.49,2218.05,108454.008518
2026-04-09,2218.09,2257.99,2176.08,2224.45,119865.41763
2026-04-10,2224.48,2257.5,2220.14,2249.46,60007.606871
2026-04-11,2249.46,2330.34,2175.0,2186.65,146011.266598
2026-04-12,2186.65,2236.36,2175.3,2209.46,110281.064833
2026-04-13,2209.46,2415.5,2200.31,2364.81,305536.281572
2026-04-14,2364.8,2371.86,2303.47,2331.9,105138.066495
2026-04-15,2331.9,2385.92,2284.5,2339.07,127188.342642
2026-04-16,2339.08,2457.0,2310.18,2441.97,176252.72262
2026-04-17,2442.0,2466.0,2343.94,2363.68,129210.681805
2026-04-18,2363.69,2379.01,2296.6,2330.45,105687.308095
2026-04-19,2330.53,2332.55,2252.05,2313.85,137295.897148
2026-04-20,2314.02,2346.67,2290.32,2310.41,89901.211689
2026-04-21,2310.44,2424.09,2283.46,2403.8,156895.678426
2026-04-22,2403.8,2413.77,2306.21,2333.34,122617.339192
2026-04-23,2333.4,2339.38,2285.01,2323.88,109371.076759
2026-04-24,2323.87,2328.47,2303.0,2308.01,36078.960942
2026-04-25,2308.01,2352.17,2300.69,2348.23,45718.00123
2026-04-26,2348.23,2404.42,2265.68,2275.08,157734.682094
2026-04-27,2275.08,2310.76,2258.48,2279.93,77743.42737
2026-04-28,2279.96,2347.08,2263.48,2272.88,103495.985275
2026-04-29,2272.89,2286.53,2220.33,2265.71,130693.207261
2026-04-30,2265.71,2325.56,2251.62,2307.86,94317.28619
2026-05-01,2307.86,2314.28,2279.1,2309.1,43869.621681
2026-05-02,2309.11,2343.12,2297.7,2328.31,49002.765085
2026-05-03,2328.24,2399.0,2309.23,2350.19,181409.713038
2026-05-04,2350.24,2399.56,2336.71,2381.32,99273.21337
2026-05-05,2381.43,2423.69,2346.0,2359.06,146340.063861
2026-05-06,2359.06,2368.0,2285.0,2295.17,135150.424533
2026-05-07,2294.81,2304.44,2265.0,2293.57,98916.05624
2026-05-08,2293.65,2325.42,2286.56,2317.49,54361.57826
2026-05-09,2317.5,2351.78,2315.12,2347.78,56140.589688
2026-05-10,2347.82,2382.99,2304.0,2333.49,170742.352385
2026-05-11,2333.49,2345.76,2256.76,2262.02,150077.450875
2026-05-12,2262.03,2323.7,2234.45,2236.68,170875.316222
2026-05-13,2236.69,2299.5,2235.48,2298.39,107051.205086
2026-05-14,2298.39,2319.26,2205.34,2222.78,141530.834688
2026-05-15,2222.78,2233.24,2161.75,2180.14,89990.679156
2026-05-16,2180.14,2198.57,2168.0,2186.28,53754.438888
2026-05-17,2186.29,2195.0,2084.46,2107.93,178424.509478
2026-05-18,2107.94,2147.02,2077.83,2110.5,170052.760204
2026-05-19,2110.58,2149.0,2102.67,2136.78,127566.198109
2026-05-20,2136.78,2157.59,2105.14,2132.58,221150.845628
2026-05-21,2132.6,2153.6,2112.5,2119.6,69633.325305
2026-05-22,2119.61,2130.09,2008.34,2060.23,142569.704152
2026-05-23,2060.23,2149.99,2057.0,2095.97,108521.109381
2026-05-24,2095.97,2138.56,2062.13,2126.95,77509.309441
2026-05-25,2126.9,2141.99,2078.57,2087.61,92031.016072
2026-05-26,2087.61,2097.39,2051.96,2071.67,95669.388188
2026-05-27,2071.69,2074.56,1967.71,1990.72,172906.813959
2026-05-28,1990.72,2046.25,1975.9,2031.6,98683.405566
2026-05-29,2031.6,2044.15,2002.0,2026.9,51508.051977
2026-05-30,2026.9,2037.91,2006.0,2010.54,40217.056857
2026-05-31,2010.55,2022.99,1956.42,1968.47,103798.886318
2026-06-01,1968.47,2009.3,1888.29,1915.11,187357.370701
2026-06-02,1915.04,1944.2,1816.85,1837.15,242270.979481
2026-06-03,1837.16,1852.54,1717.0,1776.94,295066.569688
2026-06-04,1777.01,1787.32,1571.61,1582.99,522889.218263
2026-06-05,1582.98,1619.49,1504.4,1560.52,368339.8313
2026-06-06,1560.52,1648.57,1546.87,1630.0,149204.89727
2026-06-07,1630.0,1723.03,1603.3,1691.61,210651.058164
2026-06-08,1691.61,1714.39,1633.59,1636.17,185321.140644
2026-06-09,1636.35,1668.07,1606.04,1658.01,136578.037951
2026-06-10,1658.01,1673.5,1603.66,1645.58,134937.330079
2026-06-11,1645.56,1693.73,1632.8,1660.15,140914.916707
2026-06-12,1660.18,1686.66,1657.4,1682.19,60373.833601
2026-06-13,1682.19,1697.51,1654.75,1662.97,52688.507944
2026-06-14,1662.98,1849.4,1659.03,1845.61,185018.40803
2026-06-15,1845.6,1847.22,1758.49,1782.46,171692.14137
2026-06-16,1782.46,1810.23,1740.92,1773.27,102613.29567
2026-06-17,1773.24,1796.69,1679.4,1682.34,151345.618579
2026-06-18,1682.29,1719.51,1671.63,1707.63,99499.107716
2026-06-19,1707.68,1749.84,1692.54,1740.71,82994.922971
2026-06-20,1740.8,1746.49,1716.89,1730.8,424870.868027
2026-06-21,1730.8,1780.0,1701.68,1744.88,747384.789953
2026-06-22,1744.9,1747.86,1635.0,1659.72,156960.150634
2026-06-23,1659.73,1693.69,1617.02,1618.33,112213.730479
2026-06-24,1618.33,1660.51,1532.0,1569.99,264530.90963
2026-06-25,1570.04,1588.56,1512.04,1580.08,219735.390575
2026-06-26,1580.14,1611.11,1567.36,1605.65,78108.912379
2026-06-27,1605.66,1607.93,1562.68,1580.7,69937.960311
2026-06-28,1580.85,1597.0,1548.05,1580.25,118839.232995
2026-06-29,1580.22,1637.92,1550.47,1565.41,118684.099201
2026-06-30,1565.41,1631.27,1552.8,1620.15,135991.879124
2026-07-01,1620.07,1724.88,1597.25,1697.2,206285.475029
2026-07-02,1697.21,1753.48,1686.75,1731.3,118509.251196
2026-07-03,1731.3,1800.0,1728.0,1791.38,98659.890394
2026-07-04,1791.3,1808.2,1748.11,1774.84,73641.286172
2026-07-05,1774.85,1808.18,1728.86,1788.56,1127133.369131
2026-07-06,1788.56,1834.0,1757.62,1797.56,175661.473364
2026-07-07,1797.56,1813.2,1713.46,1722.85,286090.864719
2026-07-08,1722.85,1762.66,1721.67,1739.48,89210.772929
2026-07-09,1739.49,1813.0,1732.01,1791.2,112956.508896
2026-07-10,1791.2,1828.12,1780.94,1814.69,64437.810378
2026-07-11,1814.7,1829.99,1779.6,1820.89,78020.936616
2026-07-12,1820.89,1846.04,1761.96,1776.82,129313.049161
2026-07-13,1776.82,1888.99,1750.0,1875.08,174177.444777
2026-07-14,1875.19,1946.4,1860.93,1931.85,109315.067172
2026-07-15,1931.85,1936.8,1867.51,1881.93,99071.415096
2026-07-16,1882.0,1883.23,1803.2,1830.99,96630.556924
2026-07-17,1830.99,1856.4,1826.15,1843.81,36550.557996
2026-07-18,1843.9,1879.99,1841.61,1870.94,43626.066065
2026-07-19,1871.0,1905.0,1842.48,1902.48,96650.067406
2026-07-20,1902.49,1953.26,1890.03,1931.83,101979.236274
2026-07-21,1931.79,1956.27,1910.6,1942.69,83305.580661
2026-07-22,1942.7,1957.1,1883.08,1895.38,93665.158287
2026-07-23,1895.46,1909.68,1847.77,1861.94,99270.698848
2026-07-24,1861.95,1872.4,1851.46,1868.0,32003.520391
2026-07-25,1868.01,1917.35,1864.65,1914.49,33873.062356
2026-07-26,1914.59,1981.26,1908.74,1927.68,129224.860886
2026-07-27,1927.88,1955.45,1856.94,1919.99,122115.64228
2026-07-28,1920.0,1930.0,1884.11,1892.1,84796.662687
2026-07-29,1892.1,1937.05,1874.0,1919.15,111537.489343
2026-07-30,1919.03,1936.7,1848.73,1863.16,89747.216067
2026-07-31,1863.16,1878.31,1858.7,1870.21,29876.319302
2026-08-01,1870.21,1884.56,1821.91,1858.72,59693.690269
2026-08-02,1858.73,1898.84,1828.81,1863.46,72455.163421
2026-08-03,1863.47,1882.0,1848.63,1873.08,48178.111243
2026-08-04,1873.08,1885.29,1855.4,1873.71,48741.395086
2026-08-05,1873.71,1928.1,1873.5,1910.86,80258.839316
2026-08-06,1910.87,1943.6,1894.54,1917.8,59621.549858
2026-08-07,1918.0,1929.41,1905.3,1922.61,29428.284434
2026-08-08,1922.61,1927.24,1912.41,1926.39,21456.596144
2026-08-09,1926.4,1938.0,1871.42,1877.09,74644.007285
2026-08-10,1877.09,1897.99,1853.76,1862.75,55832.695793
2026-08-11,1862.9,1925.01,1859.85,1892.81,60737.55529
2026-08-12,1892.81,1900.0,1873.38,1880.22,44218.48656
2026-08-13,1880.23,1893.44,1863.69,1881.41,51966.297883
2026-08-14,1881.4,1888.25,1873.77,1884.94,22550.159568
2026-08-15,1884.94,1886.48,1877.24,1883.99,11753.02654
2026-08-16,1884.0,1916.07,1869.41,1913.26,55800.373414
2026-08-17,1913.26,1923.23,1885.84,1917.79,55852.599627
2026-08-18,1917.8,2119.65,1906.09,2085.9,158036.044715
2026-08-19,2085.74,2337.94,2067.8,2325.77,351414.877017
2026-08-20,2325.77,2448.12,2307.17,2393.53,257709.020107
2026-08-21,2393.37,2547.28,2382.74,2410.95,253623.155619
2026-08-22,2411.0,2483.94,2356.19,2438.59,126965.412994
2026-08-23,2438.87,2533.33,2424.23,2487.87,174451.861708
2026-08-24,2487.87,2533.0,2439.87,2482.94,131231.293701
2026-08-25,2482.83,2485.64,2414.92,2450.08,96637.92554
2026-08-26,2450.02,2566.46,2438.0,2521.74,122563.021078
2026-08-27,2521.64,2535.57,2466.22,2472.03,104121.433916
2026-08-28,2471.62,2474.25,2405.83,2444.85,71953.316844
2026-08-29,2444.85,2484.0,2444.84,2480.91,36903.852616
2026-08-30,2480.94,2535.0,2388.0,2467.84,142091.985669
2026-08-31,2467.99,2490.0,2425.94,2449.11,87751.465018
2026-09-01,2449.12,2449.72,2356.72,2391.25,129401.720047
2026-09-02,2391.24,2517.37,2370.0,2516.9,116556.075866
2026-09-03,2516.89,2547.1,2431.0,2452.2,174855.531133
2026-09-04,2452.19,2464.51,2443.02,2459.92,47733.347735
2026-09-05,2459.93,2524.0,2458.83,2479.86,73495.671309
2026-09-06,2479.8,2536.54,2466.0,2470.49,83017.124913
2026-09-07,2470.5,2507.74,2441.67,2498.78,95325.814326
2026-09-08,2498.78,2523.51,2470.46,2490.41,95485.80638
2026-09-09,2490.42,2499.68,2405.91,2441.34,115487.541993
2026-09-10,2441.34,2667.0,2432.5,2559.3,222542.344737
2026-09-11,2559.31,2583.33,2506.45,2535.12,98238.817155
2026-09-12,2535.12,2536.55,2461.54,2491.18,83715.04339
2026-09-13,2491.19,2534.66,2464.52,2508.53,112810.706783
2026-09-14,2508.52,2615.0,2389.0,2424.68,191749.534233
2026-09-15,2424.51,2448.98,2358.1,2392.71,234834.245985
2026-09-16,2392.79,2483.83,2368.72,2470.29,216329.689049
2026-09-17,2470.29,2597.97,2436.91,2584.26,217493.650808
2026-09-18,2584.25,2662.75,2579.01,2641.16,136269.083204
2026-09-19,2641.29,2668.99,2564.14,2612.89,93091.476661
2026-09-20,2612.89,2765.51,2606.82,2755.56,246946.919036
2026-09-21,2755.44,2807.67,2716.0,2744.07,147535.206769
2026-09-22,2744.08,2788.7,2647.59,2656.47,158885.853622
2026-09-23,2656.01,2704.28,2628.18,2683.44,139871.967067
2026-09-24,2683.8,2742.69,2660.73,2686.73,145936.378219
2026-09-25,2686.74,2699.3,2677.19,2692.84,49207.585017
2026-09-26,2692.89,2723.75,2664.25,2690.29,56218.585342
2026-09-27,2690.3,2703.78,2635.71,2677.77,172078.790536
2026-09-28,2677.71,2748.84,2652.36,2674.13,125159.1526
2026-09-29,2674.14,2738.98,2658.0,2683.62,112331.046738
2026-09-30,2683.63,2721.98,2668.0,2682.97,117656.893234
2026-10-01,2682.98,2778.6,2676.22,2753.29,102354.223796
